seqID	patternName	pattern	strand	start	end	matched
SRR4420340.90	3308T_G_pos	AACACACCC	+	812	820	AACACACCC
SRR4420340.90	3308_T_G_pos_50bp	[ATCG]{50}AACACACCC[ATCG]{50}	+	762	870	ACATAAAAAGCGAATAAGCACGAAGCGGATGCGACTCAAACGCTTAGCCTAACACACCCACGGGAAACAGCAGTGATTAACCTTTAGCGACCAAACGAAAGTTTAACCA
SRR4420340.177	3308T_G_neg	AACATACCC	+	1051	1059	AACATACCC
SRR4420340.177	3308T_G_neg_50bp	[ATCG]{50}AACATACCC[ATCG]{50}	+	1001	1109	TCCTGCCTCATCCTTATTATTTATCGCACCTACGTTCAATATTACAGACGAACATACCCATTAAAGCGTGTTAATTAATTAATGCTTACTAAATAATAATAACAATTGA
SRR4420340.241	3308T_G_pos	AACACACCC	+	1617	1625	AACACACCC
SRR4420340.241	3308_T_G_pos_50bp	[ATCG]{50}AACACACCC[ATCG]{50}	+	1567	1675	CAAAGGGACAAGCATCAAGCACGCAGCAATGCAGCTCAAACGCTTAGCCTAACACACCCCCACGGGAAACAGCAGTACATTAACCTTTAGCAATAAACGAAGTTTAACC
SRR4420340.291	3308_T_G_pos_50bp	[ATCG]{50}AACACACCC[ATCG]{50}	+	1515	1623	AAAGGACAAGCATCAAGCACGCAGCAATGCAAAAGCCAAACGCTTAGCCTAACACACCCCACGGGAAAGCAGTATTATACTTTACCAATAAAATAGAAAAGTTTAACGA
SRR4420340.291	3308T_G_pos	AACACACCC	+	1565	1573	AACACACCC
SRR4420340.298	3308T_G_neg	AACATACCC	+	1162	1170	AACATACCC
SRR4420340.298	3308T_G_neg_50bp	[ATCG]{50}AACATACCC[ATCG]{50}	+	1112	1220	CGCTTCTGGCCACAGCACTTAAACACATCTCTGCCAAACCCCAAAACAAGAACATACCCCAACATCCAATTTCAAATTTATCTTTTAGCGGTATGCACTTTAACAGTCA
SRR4420340.473	3308T_G_pos	AACACACCC	+	31	39	AACACACCC
SRR4420340.496	3308T_G_neg	AACATACCC	+	63	71	AACATACCC
SRR4420340.496	3308T_G_neg_50bp	[ATCG]{50}AACATACCC[ATCG]{50}	+	13	121	ACTTGCTCACAAGTAATCTCCCTCGACTCCTATATCACCTAATCTCATCAAACATACCCCCACTCGATGGGTAGAGCACACACCGCTGCTAACCCCATACCCGAACCAA
SRR4420340.587	3308T_G_pos	AACACACCC	+	355	363	AACACACCC
SRR4420340.587	3308_T_G_pos_50bp	[ATCG]{50}AACACACCC[ATCG]{50}	+	305	413	GATCAACGAGACAGCATCATAAAGCAGCAATGCAGCTCGACCGCTTAGCCAACACACCCTCGGGAAGCCGAGCAATCTTAATGACTTTGACAGCAATAATATGAGGGCT
SRR4420340.2160	3308T_G_neg	AACATACCC	+	2739	2747	AACATACCC
SRR4420340.2160	3308T_G_neg_50bp	[ATCG]{50}AACATACCC[ATCG]{50}	+	2689	2797	AATCGCATAAAAACTTAAACTTTACAGTTGAGTTCGATTTCCTCTTTAACAACATACCCATGGCCAACCTCCTACTCCTCATTGGCCGAGTTCTAATTCACGCATCTCC
SRR4420340.2165	3308T_G_neg	AACATACCC	+	2700	2708	AACATACCC
SRR4420340.2165	3308T_G_neg_50bp	[ATCG]{50}AACATACCC[ATCG]{50}	+	2650	2758	CGCATAAAACTTAAAACTTTACAGTCAGAGGTTCAATTCCTCTTCTTAACAACATACCCATGGCCAACCTCCTACTCCTCATTGTACCCATTCTAACCGCAATGGCATT
SRR4420340.2183	3308T_G_neg	AACATACCC	+	2661	2669	AACATACCC
SRR4420340.2183	3308T_G_neg_50bp	[ATCG]{50}AACATACCC[ATCG]{50}	+	2611	2719	GCATAAAAACTTAAAACTTTACAGTCAGAGGTTCAATTCCTCTCTTTAACAACATACCCATGGCCAACCTCCTACTCCTCATTGGCCCATTCTAATCGCAATGGCATTC
SRR4420340.2207	3308T_G_neg_50bp	[ATCG]{50}AACATACCC[ATCG]{50}	+	2535	2643	CGCATAAAACTTCAAACTTTACAGTCAGAGGTTCAATTCCTCTTCTTAACAACATACCCATGGCCACTCCTACTCCTCATTGGGAGCTTCTAATCGCAATGGCATTCCT
SRR4420340.2207	3308T_G_neg	AACATACCC	+	2585	2593	AACATACCC
SRR4420340.2209	3308T_G_neg	AACATACCC	+	2714	2722	AACATACCC
SRR4420340.2209	3308T_G_neg_50bp	[ATCG]{50}AACATACCC[ATCG]{50}	+	2664	2772	TCGCATAAAACCCAAAAACTTTACAGTCAGAGGTTCAATTCCTCTTTAACAACATACCCATGGCCAAGCTCCTCACTCCTCATTAGGCTATTCTAATGCAATGGCATTC
SRR4420340.2214	3308T_G_neg	AACATACCC	+	2614	2622	AACATACCC
SRR4420340.2214	3308T_G_neg_50bp	[ATCG]{50}AACATACCC[ATCG]{50}	+	2564	2672	AATCGCATAAACCCAAACTTACAGTCAGAGGTTCAATTCCTCTTCTTAACAACATACCCATGGGACCTCCTACTCCCACCTGTACCATTCTAATTGCAATGGCATTCCT
SRR4420340.2216	3308T_G_neg	AACATACCC	+	2538	2546	AACATACCC
SRR4420340.2216	3308T_G_neg_50bp	[ATCG]{50}AACATACCC[ATCG]{50}	+	2488	2596	ATCGCATAAACTTAAATTTACAGTCAGAGGTTCAAATTCCTCTTCCTAACAACATACCCATGGCCAACCTCCTACTCCCGCTTACCATTCTAATCGCAATGGCATTCCT
SRR4420340.2221	3308T_G_neg	AACATACCC	+	2654	2662	AACATACCC
SRR4420340.2221	3308T_G_neg_50bp	[ATCG]{50}AACATACCC[ATCG]{50}	+	2604	2712	ATCGCATCAAACTTAAAACTTTACAGTCAGAGGTTCAATTCCTTCTTAACAACATACCCATGGCCAACCTCCTACTCCTCATTGTACCCATTCTAATCGCAAATGTGGA
SRR4420340.2222	3308T_G_neg	AACATACCC	+	2652	2660	AACATACCC
SRR4420340.2222	3308T_G_neg_50bp	[ATCG]{50}AACATACCC[ATCG]{50}	+	2602	2710	ATCGCATAAACTTAAACTTTACAGTCAGAGGTTCAATTCCTCTTCTTAACAACATACCCCATGGCCAACTCGTTGCCCGCTATATCACTCGCATTCAATGCATTCCCTG
SRR4420340.2223	3308T_G_neg	AACATACCC	+	2712	2720	AACATACCC
SRR4420340.2223	3308T_G_neg_50bp	[ATCG]{50}AACATACCC[ATCG]{50}	+	2662	2770	ATAAAACTTGGCAAAACTTTACAGTCAGAGGTTCAATTCCTCTTCTTAACAACATACCCATGGCCAACCTCCTACTCCTCATTGGCCGTCATCGCAATGGCATTCCTAA
SRR4420340.2224	3308T_G_neg	AACATACCC	+	2679	2687	AACATACCC
SRR4420340.2224	3308T_G_neg_50bp	[ATCG]{50}AACATACCC[ATCG]{50}	+	2629	2737	TCGCATCAAAACTTAAAACTTTACGAGATTGAGGTTCAATTCTTCTTAACAACATACCCATCTCAACCTCCTATTCCTCATTGGCCCGTTCTAATCGCAATGGCATTCC
SRR4420340.2225	3308T_G_neg	AACATACCC	+	2690	2698	AACATACCC
SRR4420340.2225	3308T_G_neg_50bp	[ATCG]{50}AACATACCC[ATCG]{50}	+	2640	2748	TAATCGCATAAAACTTAAAACTTTACAGTCAGGTTCAATTCCTTCTTGACAACATACCCATGAGGACCTCCTACTCCTCATTGTACCCATTCTAATCGCAATGGCATTC
SRR4420340.2226	3308T_G_neg	AACATACCC	+	2622	2630	AACATACCC
SRR4420340.2226	3308T_G_neg_50bp	[ATCG]{50}AACATACCC[ATCG]{50}	+	2572	2680	CGCAATAAACTTAAAACTTTACAGTCAGAGGTTCAATTCTTCTATTTAACAACATACCCATGGATAGCCTCTTATTCTTGGGCCCGGTTCTAATCGCAATGGCATTCCT
SRR4420340.2230	3308T_G_neg_50bp	[ATCG]{50}AACATACCC[ATCG]{50}	+	2567	2675	TAATCGCATAAACTTAAACTTTACAGTCAGAGGTTCAATTCCTTCTTAACAACATACCCATGGCCACTCCCCTACTCCTCATTGTACCCATTCGATCGCAGTGGCATTC
SRR4420340.2230	3308T_G_neg	AACATACCC	+	2617	2625	AACATACCC
SRR4420340.2232	3308T_G_neg	AACATACCC	+	2639	2647	AACATACCC
SRR4420340.2232	3308T_G_neg_50bp	[ATCG]{50}AACATACCC[ATCG]{50}	+	2589	2697	CGCATAAAACTTAAGACTTTACAGTCAGAGGTTCAATTCCTCTTCTGACTAACATACCCATGGCACCTCCTACTCCTCATTGGAGCTATTCTAATCGCAATGGCATTCC
SRR4420340.2233	3308T_G_neg	AACATACCC	+	2666	2674	AACATACCC
SRR4420340.2233	3308T_G_neg_50bp	[ATCG]{50}AACATACCC[ATCG]{50}	+	2616	2724	GCATAAAACTTAAAACTTTACAGTCAGAGGTTCAATTTCCTCTTCTTAACAACATACCCATGGCCAACCTCCTACTCCTCATTGGGAGCTTCGATCGCAATGGCATTCC
SRR4420340.2235	3308T_G_neg	AACATACCC	+	2603	2611	AACATACCC
SRR4420340.2235	3308T_G_neg_50bp	[ATCG]{50}AACATACCC[ATCG]{50}	+	2553	2661	CGCATAAAACTTAAACTTTAAGTTACTAAGGTTCAATTCCTCTTCTTAACAACATACCCATGGCCAACCTCCTACTCCTCATTACCCACTCTAATCGCAATGGCATTCC
SRR4420340.2236	3308T_G_neg	AACATACCC	+	2681	2689	AACATACCC
SRR4420340.2236	3308T_G_neg_50bp	[ATCG]{50}AACATACCC[ATCG]{50}	+	2631	2739	TCGCATAAACTTAAAACTTTACAGTCAGAGGTTCGATTCCTCTTCTTAACAACATACCCGGATGTAGCCAACCTCCTACTCCTCATTGTACCCATTGCACTCGGGCATA
SRR4420340.2237	3308T_G_neg	AACATACCC	+	2624	2632	AACATACCC
SRR4420340.2237	3308T_G_neg_50bp	[ATCG]{50}AACATACCC[ATCG]{50}	+	2574	2682	ATCGCATAAACTTAAAACTTTACGTCAGAGGTTCAATTCCTCTTCTTAACAACATACCCATCAACCTCCTACTCCTCATTGTACCCATTCTAATCGCAATGGCATTCCT
SRR4420340.2239	3308T_G_neg	AACATACCC	+	2610	2618	AACATACCC
SRR4420340.2239	3308T_G_neg_50bp	[ATCG]{50}AACATACCC[ATCG]{50}	+	2560	2668	CGGGCATAAAACTTAAACTTTACAGTCAGAGGTTCAATTTCCTCTTTAACAACATACCCATGATCTCATCTAACTCCTCATTGTACCATTCTAATCGCAATGGCATTCC
SRR4420340.2240	3308T_G_neg_50bp	[ATCG]{50}AACATACCC[ATCG]{50}	+	2559	2667	TCGCATAAAACTTAAAACTTTACAGTCGAGGTTCAATCCTCCTTCTTAACAACATACCCATGGCCAACCTCCTACTCCTCATTGGCCCAGGTTCTAATCGCAATGATTC
SRR4420340.2240	3308T_G_neg	AACATACCC	+	2609	2617	AACATACCC
SRR4420340.2244	3308T_G_neg	AACATACCC	+	2674	2682	AACATACCC
SRR4420340.2244	3308T_G_neg_50bp	[ATCG]{50}AACATACCC[ATCG]{50}	+	2624	2732	GCATAAAACTTAAAACTTTACAGTCAGAGGTTCACGTCCTCCTCTTTAACAACATACCCATGGCCAACCTCCTACTCCTCATTGGAGTTCCACGTACGCAATGGCATCT
SRR4420340.2245	3308T_G_neg	AACATACCC	+	2628	2636	AACATACCC
SRR4420340.2245	3308T_G_neg_50bp	[ATCG]{50}AACATACCC[ATCG]{50}	+	2578	2686	AATCGCATAAACTTAAACTTTACAGTCAGGTTCAATTTCCTCTTCTTAACAACATACCCATGGCCAACCTCCTACTCCTCATTGTACCCATTCTAGATCGCAGCTGGCA
SRR4420340.2247	3308T_G_neg	AACATACCC	+	2691	2699	AACATACCC
SRR4420340.2247	3308T_G_neg_50bp	[ATCG]{50}AACATACCC[ATCG]{50}	+	2641	2749	CATAAAACTTAAAACTTTACAGTCATAGAGTTCAATTTCCTCTTCTTAACAACATACCCCATGGCCAATACTCCTACTCCTCATTGTACCCATTCTAATCGCATATCGA
SRR4420340.2249	3308T_G_neg	AACATACCC	+	2682	2690	AACATACCC
SRR4420340.2249	3308T_G_neg_50bp	[ATCG]{50}AACATACCC[ATCG]{50}	+	2632	2740	CGCATAAAACTTAAAACTTTACAGTCAGAGGTTCAATTCCTCTTCTTAACAACATACCCATGGCCAACCTCCTACTCCTCATTGTACCCATTCTAAATGCAATGGCATT
SRR4420340.2250	3308T_G_pos	AACACACCC	+	3289	3297	AACACACCC
SRR4420340.2250	3308_T_G_pos_50bp	[ATCG]{50}AACACACCC[ATCG]{50}	+	3239	3347	CCCTTTCGCCCTATTCTTCAGGGCCCGAATACACAAACATTATTATAATAAACACACCCTCACTACAAGATCTGTTCCTAGGAACAACATATGACGCACTCTCCCTGAA
SRR4420340.2251	3308T_G_neg	AACATACCC	+	2704	2712	AACATACCC
SRR4420340.2251	3308T_G_neg_50bp	[ATCG]{50}AACATACCC[ATCG]{50}	+	2654	2762	TCGCATAAACTTAAAACTTTACAGTCAGAGGTTCAATTCCTCTTCGTAACAACATACCCATGGCCAACCTCCTACTCCTCATTGAGAGTGATTTTGGATCGCAATGGCA
SRR4420340.2252	3308T_G_neg	AACATACCC	+	2608	2616	AACATACCC
SRR4420340.2252	3308T_G_neg_50bp	[ATCG]{50}AACATACCC[ATCG]{50}	+	2558	2666	TCGCATAAAACTTAAACTTTACAGTCAGAGGTTCAATTCCTCTTCTTAACAACATACCCATGACCAACCCTACTCCTCATTGTACCCATTCTAATCGCAATGGCATTCC
SRR4420340.2253	3308T_G_neg	AACATACCC	+	2597	2605	AACATACCC
SRR4420340.2253	3308T_G_neg_50bp	[ATCG]{50}AACATACCC[ATCG]{50}	+	2547	2655	ATCGCATAAACTTAGGTATTCAGTCAGAGGTTCAAATTCCTCTTCTTAACAACATACCCATGGCCAACCTCCTCCTCATTGGCATTCCTAATCGCAATGGCATTCCTAA
SRR4420340.2254	3308T_G_neg	AACATACCC	+	2610	2618	AACATACCC
SRR4420340.2254	3308T_G_neg_50bp	[ATCG]{50}AACATACCC[ATCG]{50}	+	2560	2668	CGCATAAACTTAAAACTTTACAGTCAGAGGTTCAATTTCCTCTTCTTAACAACATACCCATGGCCGACCTCCTACTCCTCATGCGATGCATTCTAATGGGGATATCTCC
SRR4420340.2255	3308T_G_neg	AACATACCC	+	2612	2620	AACATACCC
SRR4420340.2255	3308T_G_neg_50bp	[ATCG]{50}AACATACCC[ATCG]{50}	+	2562	2670	GCATAAAACTTAAAAACTTTACAGTCAGAGGTTCAATTCCTCTTCTTAACAACATACCCATGGCCACTCCTCCATCCTCATTGTAGCCAGGTTCTAATCGCAATGGCAT
SRR4420340.2256	3308T_G_neg	AACATACCC	+	2672	2680	AACATACCC
SRR4420340.2256	3308T_G_neg_50bp	[ATCG]{50}AACATACCC[ATCG]{50}	+	2622	2730	CATAAACTTAAAACTTTACAGTCAGAGAGGTTCGGATTCCTCTTCTTAACAACATACCCATGGCCAACCTCCTACTCCTCATTGGCCGATTCTGGATCGGCATGCATTC
SRR4420340.2257	3308T_G_neg	AACATACCC	+	2652	2660	AACATACCC
SRR4420340.2257	3308T_G_neg_50bp	[ATCG]{50}AACATACCC[ATCG]{50}	+	2602	2710	AATCGCATAAAACTTAAACTTTACAGTCAGATTCAATTCCTCTTCTTAACAACATACCCATCAGATACTCCTACTCCTCATTGTACCCATTCAATCGCAATGGCATTTT
SRR4420340.2258	3308T_G_neg	AACATACCC	+	2569	2577	AACATACCC
SRR4420340.2258	3308T_G_neg_50bp	[ATCG]{50}AACATACCC[ATCG]{50}	+	2519	2627	ATAAAACTTAAAAACTTTACAACAGTTACCCACTGAACTTCCTCTTTAACAACATACCCATCAGACCTCCTACTCCCCTATTGTACCCATTCTAATCGCAATGGCATTC
SRR4420340.2260	3308T_G_neg	AACATACCC	+	2622	2630	AACATACCC
SRR4420340.2260	3308T_G_neg_50bp	[ATCG]{50}AACATACCC[ATCG]{50}	+	2572	2680	CGCATAAACTTAAAACTTTACAGTCAGAGGTTCAATTCCTCTTCTTAACAAACATACCCATGGCCAACCTCCTACTCCTCATTGGCCCCATTCAATCGCATGCATTTTC
SRR4420340.2261	3308T_G_neg_50bp	[ATCG]{50}AACATACCC[ATCG]{50}	+	2589	2697	TCGCTCAAACTTAAAACTTTACAGTCAGAGGTTCAATTCCTCTTCTTAACAACATACCCATCTCAACCTCCTACTCCTCATTGTACCCATTCTAATGCATGGCATTCCT
SRR4420340.2261	3308T_G_neg	AACATACCC	+	2639	2647	AACATACCC
SRR4420340.2262	3308T_G_neg	AACATACCC	+	2622	2630	AACATACCC
SRR4420340.2262	3308T_G_neg_50bp	[ATCG]{50}AACATACCC[ATCG]{50}	+	2572	2680	GTAATCGCATAAAACTTAAAACTTTACAGTCAGGTTCATTCCTCTTCTTAAACATACCCGGATGGCCAACCTCCTACTCCTCATTGTACCCATTCTAATCGCAATGCAT
SRR4420340.2263	3308T_G_neg	AACATACCC	+	2676	2684	AACATACCC
SRR4420340.2263	3308T_G_neg_50bp	[ATCG]{50}AACATACCC[ATCG]{50}	+	2626	2734	ATCGCATAAACTTAAACGTGTACAGTCAGAGGTTCAATTCCTCTTCTAACAACATACCCATGGCCCACATCGCCTACTCCTCATTGGCCCATTCTAATCGCAATGGCAT
SRR4420340.2264	3308T_G_neg	AACATACCC	+	2636	2644	AACATACCC
SRR4420340.2264	3308T_G_neg_50bp	[ATCG]{50}AACATACCC[ATCG]{50}	+	2586	2694	TCGCATAAACTTAAAACTTTACAGTCAGAGGTTCAATTCCTCTTCTTAACAACATACCCATGGCCAACTCCTCACTCCTCATTGTACCCATTTCTAATGCATGCATTCC
SRR4420340.2265	3308T_G_neg_50bp	[ATCG]{50}AACATACCC[ATCG]{50}	+	2467	2575	AATCGCATAAACTTAAAACTTTACAGTCAGAGGTTCAATTCCTCTTTAACAACATACCCATGGCCGGACCTCCCTACTCCTCATTGACCCATTCTAATCGCAATGGCAT
SRR4420340.2265	3308T_G_neg	AACATACCC	+	2517	2525	AACATACCC
SRR4420340.2266	3308T_G_neg	AACATACCC	+	2530	2538	AACATACCC
SRR4420340.2266	3308T_G_neg_50bp	[ATCG]{50}AACATACCC[ATCG]{50}	+	2480	2588	CGCGACCAAACTTAAAACTTTACAGTCGAGGTTCAATTCCTCTTCTTAACAACATACCCGGGCCAACCTCCTACTCCTCATTGTACCCATTCTAATCGCAATGGCATTT
SRR4420340.2294	3308T_G_neg_50bp	[ATCG]{50}AACATACCC[ATCG]{50}	+	2634	2742	ACGCATAAACTTAAAACTTTACAGTCAGAGGTTCAATTCCTCTTCTTAACAACATACCCATGGGACCTCCTACTCCTCATTGTACCCATTCCGCAATCGCAATGGCATT
SRR4420340.2294	3308T_G_neg	AACATACCC	+	2684	2692	AACATACCC
SRR4420340.2295	3308T_G_neg	AACATACCC	+	2656	2664	AACATACCC
SRR4420340.2295	3308T_G_neg_50bp	[ATCG]{50}AACATACCC[ATCG]{50}	+	2606	2714	TCGCATAAACTTAAATTTACAGTTGACAGAGTTCAATTCCTCTTCTTAACAACATACCCATGGCCAACCTCCTACTCCTCATTGTACCCATTCTAATCGCAATGGCATT
SRR4420340.2296	3308T_G_neg_50bp	[ATCG]{50}AACATACCC[ATCG]{50}	+	2605	2713	TCGAAACAACTTAAAACTTTACAGTCAGAGGTTCAATTCCTCTTCTTAACAACATACCCATGGCCAAGCTCCTCACCTCCTCATTGTACCCATTCTAATCGCAATGGCA
SRR4420340.2296	3308T_G_neg	AACATACCC	+	2655	2663	AACATACCC
SRR4420340.2298	3308T_G_neg	AACATACCC	+	2613	2621	AACATACCC
SRR4420340.2298	3308T_G_neg_50bp	[ATCG]{50}AACATACCC[ATCG]{50}	+	2563	2671	GTAATCGCATAAAGCCTTAAACTTTACAGTCAGAGGTTCAATTCCTCTTTAACATACCCATGAGTACACCTCCTACTCCTCATTGTACCCATCTTCTAATCGCAGGCAT
SRR4420340.2299	3308T_G_neg_50bp	[ATCG]{50}AACATACCC[ATCG]{50}	+	2619	2727	TCGCATAAAATGTGAACTTTACAGTCAGAGGTTCGATTCCTCTTCTTAACAACATACCCATGGGACCTCCTACTCCTCATGCATTCGATCGTACGCATTCCCTACTTCG
SRR4420340.2299	3308T_G_neg	AACATACCC	+	2669	2677	AACATACCC
SRR4420340.2300	3308T_G_neg	AACATACCC	+	2642	2650	AACATACCC
SRR4420340.2300	3308T_G_neg_50bp	[ATCG]{50}AACATACCC[ATCG]{50}	+	2592	2700	CGCATAAACTTAAAACTTTACAGTCAGAGGTTCAATTCCCTCTTCTTAACAACATACCCGTATCCAACCTCCTACTCCTCATTGTACCCGATTCTAATCGCAGGTGCAT
SRR4420340.2301	3308T_G_neg	AACATACCC	+	2616	2624	AACATACCC
SRR4420340.2301	3308T_G_neg_50bp	[ATCG]{50}AACATACCC[ATCG]{50}	+	2566	2674	TCGCATAAACTTAAACTTTACAGTCAGAGGTTCAATTCCTCTTCTGTAACAACATACCCATGGCCAACCTCCTACTCCTCATTGTGATCCATTCTAATCGCAATGGCAT
SRR4420340.2302	3308T_G_neg	AACATACCC	+	2565	2573	AACATACCC
SRR4420340.2302	3308T_G_neg_50bp	[ATCG]{50}AACATACCC[ATCG]{50}	+	2515	2623	TAATCGAATAGCAAAACTTAATTTACAGTCAGGTTCAATTCCTCTTTAACAACATACCCATGGCCAACCTCCTACCTCAAGTCTCGAGGTTTCTAATCGCAATGGCATT
SRR4420340.2305	3308T_G_neg	AACATACCC	+	2622	2630	AACATACCC
SRR4420340.2305	3308T_G_neg_50bp	[ATCG]{50}AACATACCC[ATCG]{50}	+	2572	2680	AGCCTATATCCGACTTTGTACAGTCAGAGGTTCAATTCCTCTTTCTTAACAACATACCCATGGCCAACCTCCTACCTCATTGTGACCCATTCTAAATGCAAATGGCATT
SRR4420340.2312	3308T_G_neg	AACATACCC	+	2630	2638	AACATACCC
SRR4420340.2312	3308T_G_neg_50bp	[ATCG]{50}AACATACCC[ATCG]{50}	+	2580	2688	GCATAAAACTTAAAACTTTACAGTCAGAGGTTCAATTTCCTCTTCTTAACAACATACCCATGGCCAACCTCCTACTCCTCATTGGCCCATTCTTAATCGCAATGGCATT
SRR4420340.2313	3308T_G_neg	AACATACCC	+	2592	2600	AACATACCC
SRR4420340.2313	3308T_G_neg_50bp	[ATCG]{50}AACATACCC[ATCG]{50}	+	2542	2650	CATAAAACTTAAAAACTTTGTAACAGTCAGAGTTCATTCCTCTCTTTAACAACATACCCATGGCCAACCTCCTACTCCTCATTGTACCCATTCTAATCGCAATGGCATT
SRR4420340.2318	3308T_G_neg	AACATACCC	+	2660	2668	AACATACCC
SRR4420340.2318	3308T_G_neg_50bp	[ATCG]{50}AACATACCC[ATCG]{50}	+	2610	2718	TAATCTCCCCGACAACGACTTTACAGTCAGAGGTTCAATTCCTCTTTAACAACATACCCATCTACCAACCTCCTACTCCTCATTGTACCCATTCTAATCGCAATGGCAT
SRR4420340.2320	3308T_G_neg	AACATACCC	+	2682	2690	AACATACCC
SRR4420340.2320	3308T_G_neg_50bp	[ATCG]{50}AACATACCC[ATCG]{50}	+	2632	2740	GAGCAAAACTTAAAAACTTTAAGTTACGAGGTTCAATTCCTCTTCTTAACAACATACCCATGGCCAACCTCCTACTCCTCATTTGTACCCATTTAATCGCAATGGCATT
SRR4420340.2334	3308T_G_neg	AACATACCC	+	2644	2652	AACATACCC
SRR4420340.2334	3308T_G_neg_50bp	[ATCG]{50}AACATACCC[ATCG]{50}	+	2594	2702	CATAAAACTTAAGACTTTACAGTCACCACGGTCGGATTCCTCTTCTTAACAACATACCCATATCAAGCCCTACTCCTCATTGAAGGTTCTAATCGCAATGGCATTCCTA
SRR4420340.2336	3308T_G_neg	AACATACCC	+	2668	2676	AACATACCC
SRR4420340.2336	3308T_G_neg_50bp	[ATCG]{50}AACATACCC[ATCG]{50}	+	2618	2726	ATCGCATAAACTTAAACTTTACCGTCAGAGGTTCAATTCCTCTTCTTAACAACATACCCATGGCCAACCTCCTACTCCTCATTGTACCCATTCTAATCGCAATGGCATT
SRR4420340.2337	3308T_G_neg	AACATACCC	+	409	417	AACATACCC
SRR4420340.2337	3308T_G_neg	AACATACCC	+	2674	2682	AACATACCC
SRR4420340.2337	3308T_G_neg_50bp	[ATCG]{50}AACATACCC[ATCG]{50}	+	359	467	TCCCCAATAAAGGCGCTCAACGTATGAGTTGTAAAAACTCCAGTTGACACAACATACCCCCAATGGCTTTAACATATCTGAACTCCACAATAGCTAAGACCCAAACTGG
SRR4420340.2337	3308T_G_neg_50bp	[ATCG]{50}AACATACCC[ATCG]{50}	+	2624	2732	TCGCATAAAACTTAAACTTTACAGTCAGAGGTTCAATTCCTCTTCTTGACAACATACCCATGGCCAACCTCCTACTCCTCATCTTGTACCCATTCAATCGCAATGGCAT
SRR4420340.2340	3308T_G_neg	AACATACCC	+	2652	2660	AACATACCC
SRR4420340.2340	3308T_G_neg_50bp	[ATCG]{50}AACATACCC[ATCG]{50}	+	2602	2710	TGCATAAAACTTAAACTTTACAGTCAGAGGTTCAATTTCCTCTTCTTAACAACATACCCATGGCCAACCTCCTACTCCTCATTATTACCCATTCTAATCGCAATGTGGA
SRR4420340.2341	3308T_G_neg	AACATACCC	+	2635	2643	AACATACCC
SRR4420340.2341	3308T_G_neg_50bp	[ATCG]{50}AACATACCC[ATCG]{50}	+	2585	2693	GCATAAACTTAAAAACTTTACAGTCAGAGGTTCAATTCCTCTGTCTTAACAACATACCCATGGCCAACCTCCTACTCCTCATTGGCATGTCGATCGCAAATGGCATTTT
SRR4420340.2342	3308T_G_neg	AACATACCC	+	2676	2684	AACATACCC
SRR4420340.2342	3308T_G_neg_50bp	[ATCG]{50}AACATACCC[ATCG]{50}	+	2626	2734	TCGCATAAAACTTAAACTTTGAGTCAGAGGTTCAATTCCTCTTCGTAAACAACATACCCATGGCCAACTTCCTACTCCTCATTGGTCCCATTCTAATCGCAGGCATTCC
SRR4420340.2343	3308T_G_neg	AACATACCC	+	2699	2707	AACATACCC
SRR4420340.2343	3308T_G_neg_50bp	[ATCG]{50}AACATACCC[ATCG]{50}	+	2649	2757	ATAAAACTTAAAACATTTACAGCGTCAGAGGTTCTCAATTCCTTCTTAACAACATACCCATGGCCAACCTCCTACTCCTCATTGGCAGGTTCCTAATCGCAATGGCATT
SRR4420340.2344	3308T_G_neg	AACATACCC	+	2629	2637	AACATACCC
SRR4420340.2344	3308T_G_neg_50bp	[ATCG]{50}AACATACCC[ATCG]{50}	+	2579	2687	TGCATAAAACTTAAACTTTACAGTCGAAATGTCAGCCAATTCCTCTTCTTAACATACCCATGGCCAACCTCCTCCTCATTTGACCCATTTCTAATCGCAATGGCATTCC
SRR4420340.2345	3308T_G_neg	AACATACCC	+	2568	2576	AACATACCC
SRR4420340.2345	3308T_G_neg_50bp	[ATCG]{50}AACATACCC[ATCG]{50}	+	2518	2626	AATCGCATAAACTTAAAACTTTACAGTTACGGTCAATTCCTCTTCTTAACAACATACCCATGGCCAACCTCCTACTCCTCATTGTACCCATTCTAATGCAGATGGCATT
SRR4420340.2348	3308T_G_neg	AACATACCC	+	2668	2676	AACATACCC
SRR4420340.2348	3308T_G_neg_50bp	[ATCG]{50}AACATACCC[ATCG]{50}	+	2618	2726	CGCATAAAACTTAAAAACTTTAAGTCAGAGGTTCAATTCCTCTTCTTAACAACATACCCATGGCCACATCTCCTACTCCTCATTGTACCCATTCTAATGCAATGGCATT
SRR4420340.2349	3308T_G_neg_50bp	[ATCG]{50}AACATACCC[ATCG]{50}	+	2555	2663	GTAATCGCATAAATTAAACTTTACAGTCAGAGGTTCAATTCCTCTTTAACAACATACCCATGGCCAACCTCCTACTCCCTCATTGGCCCGATTCTAATCTCGCAATGGC
SRR4420340.2349	3308T_G_neg	AACATACCC	+	2605	2613	AACATACCC
SRR4420340.2350	3308T_G_pos	AACACACCC	+	1320	1328	AACACACCC
SRR4420340.2354	3308T_G_neg	AACATACCC	+	2621	2629	AACATACCC
SRR4420340.2354	3308T_G_neg_50bp	[ATCG]{50}AACATACCC[ATCG]{50}	+	2571	2679	ATCGCAACATCTTAAAACTTTACAGTCAGAGTTCAATTCCTCTTTATGACAACATACCCATGGCCAACTCCTATCGGGGTCCCAGGTTTCTAATCGCAATGGCATTCCT
SRR4420340.2360	3308T_G_neg	AACATACCC	+	504	512	AACATACCC
SRR4420340.2360	3308T_G_neg	AACATACCC	+	2624	2632	AACATACCC
SRR4420340.2360	3308T_G_neg_50bp	[ATCG]{50}AACATACCC[ATCG]{50}	+	454	562	GTAGGTAGGGTGTGACACCTGAATTCAGTCAAATACAAACTGCTCGCGATAACATACCCGATAGAGGACATTAAAACTAAACGGCGGTGGTTGCGATATCCACCCCCCA
SRR4420340.2360	3308T_G_neg_50bp	[ATCG]{50}AACATACCC[ATCG]{50}	+	2574	2682	TACGCATAAACTTAAAACTTACAGTCAGAGGTTCTAATTTCCTCTTTAACAACATACCCATGGCCAACCTCCTACTCCTCATTGTACCCATTCCGGATCGCAATGGCAT
SRR4420340.2364	3308T_G_neg	AACATACCC	+	2688	2696	AACATACCC
SRR4420340.2364	3308T_G_neg_50bp	[ATCG]{50}AACATACCC[ATCG]{50}	+	2638	2746	GCATAAACTTAAAACTTTGTACAGTCAGAGGTTCAATTCCTCTTCTTAACAACATACCCCGCTGACCAACCTCCTATCTCCTCATTGGGGTTCTAATCGCAATCGCATT
SRR4420340.2366	3308T_G_neg	AACATACCC	+	2684	2692	AACATACCC
SRR4420340.2366	3308T_G_neg_50bp	[ATCG]{50}AACATACCC[ATCG]{50}	+	2634	2742	GCATAAAACTTAAAACTTTACAGTTGACAGGTTCAATTCCTCTTCTTAACAACATACCCGTATCGATAACCTCCTACTATCTCCTCATTGTATACCCATTCGGATCGCA
SRR4420340.2369	3308T_G_neg	AACATACCC	+	2664	2672	AACATACCC
SRR4420340.2369	3308T_G_neg_50bp	[ATCG]{50}AACATACCC[ATCG]{50}	+	2614	2722	CGCATAAAACTTAAAACTTTACAGTCAGAGGTTCAATTCCTCTTCTTAACAACATACCCATATGGCCAACCTCCTACTCCTCATTGTATATCATTCTAATCGCAATGGC
SRR4420340.2370	3308T_G_neg	AACATACCC	+	2660	2668	AACATACCC
SRR4420340.2370	3308T_G_neg_50bp	[ATCG]{50}AACATACCC[ATCG]{50}	+	2610	2718	CGCATAAAACTTAAAACTTTACAGTCAGAGGTTCAATTCCTCTTCTTAACAACATACCCGTAAGCCAACCTCCTACTCCTCATTGGCCCAGGTTCCATCTGCGCAATGG
SRR4420340.2372	3308T_G_neg	AACATACCC	+	2643	2651	AACATACCC
SRR4420340.2372	3308T_G_neg_50bp	[ATCG]{50}AACATACCC[ATCG]{50}	+	2593	2701	TCGCATAAACTTAAAACTTTACAGTCAGAGGTTCGATTCCTCTTCTTAACAACATACCCATGGCCAACCTCCTACTCCTCATTGTACCCATTCTAATCGCAATGGCATT
SRR4420340.2373	3308T_G_neg	AACATACCC	+	2689	2697	AACATACCC
SRR4420340.2373	3308T_G_neg_50bp	[ATCG]{50}AACATACCC[ATCG]{50}	+	2639	2747	TCGCATAAAACTTAAAAACTTTACGTCATAGAGGTTCAATTCTTCTTAACAACATACCCATGGTACAACCTCCTACTCCTCATTGTATGGATTCATCCGCAATGGCATT
SRR4420340.2374	3308T_G_neg	AACATACCC	+	2584	2592	AACATACCC
SRR4420340.2374	3308T_G_neg_50bp	[ATCG]{50}AACATACCC[ATCG]{50}	+	2534	2642	TGGCATCAAACTTAAACTTTACAGTCAGAGTTCTAATCTTCCTCGTTAACAACATACCCATGGCCAACCTCCTACTCCATTGGCCCATTCAATCGCAATGGCATTCCTA
SRR4420340.2377	3308T_G_neg	AACATACCC	+	2665	2673	AACATACCC
SRR4420340.2377	3308T_G_neg_50bp	[ATCG]{50}AACATACCC[ATCG]{50}	+	2615	2723	CATAAAAACTTAAAACTTTGTACAGTCAGAGTTCAATTCTACTTCTTAACAACATACCCATGGCGTAACTCCTACTCCTCATTGTATCCATTCCTAATCGCAATGGCAT
SRR4420340.2379	3308T_G_neg	AACATACCC	+	2583	2591	AACATACCC
SRR4420340.2379	3308T_G_neg_50bp	[ATCG]{50}AACATACCC[ATCG]{50}	+	2533	2641	AATCGCATAAACTTAAACTTTACAGTCAGGGTTCAATTCCTCTTCTTAACAACATACCCATGGCCAACCTCCTACTCCTCATTACCCATTCTAATCGCAATGGCATTTA
SRR4420340.2380	3308T_G_neg	AACATACCC	+	2625	2633	AACATACCC
SRR4420340.2380	3308T_G_neg_50bp	[ATCG]{50}AACATACCC[ATCG]{50}	+	2575	2683	TAATCGCATAAACTTAAAACTTTACAGTCAGAGGTTCAATTCCTCTTCTTAACATACCCATGGCCAACCTCCTACTCCCACCTGTACCCATTCGATCGCAGATGGCATT
SRR4420340.2390	3308T_G_neg	AACATACCC	+	2694	2702	AACATACCC
SRR4420340.2390	3308T_G_neg_50bp	[ATCG]{50}AACATACCC[ATCG]{50}	+	2644	2752	TAAAACTTTAAAAACTTTGATACAGTCAGAGGTTCAATTCCTCTTCTGACAACATACCCATGGCCAACCTCCTACTCCGCTTGGCCCATTCTAATCGCAATGGCATTCC
SRR4420340.2395	3308T_G_neg	AACATACCC	+	2634	2642	AACATACCC
SRR4420340.2395	3308T_G_neg_50bp	[ATCG]{50}AACATACCC[ATCG]{50}	+	2584	2692	TCGCAACAAAACTTAAAACTTTACAGTCAGAGGTTCAATTCCTTCTTAACAACATACCCGGAGCCAACCTCCTACTCCTCATTGTACCCATTCTAATCGCAATGGCATT
SRR4420340.2398	3308T_G_neg	AACATACCC	+	2597	2605	AACATACCC
SRR4420340.2398	3308T_G_neg_50bp	[ATCG]{50}AACATACCC[ATCG]{50}	+	2547	2655	AATGGAGGTAAAACTTAAACTTTACAGTCAGGTTCAATTCCTCTGTTGACAACATACCCATGGCCAACCTCTATTCCTCATTAGACCCATTCTAATCGCAATGGCATTC
SRR4420340.2399	3308T_G_neg_50bp	[ATCG]{50}AACATACCC[ATCG]{50}	+	2610	2718	GGTAATCGCATAAACTTAAAACTTTACAGTCAGAGGTTCAATTCCTCTTTAACATACCCATGGACCAACCTCCTACTCCTCATTGTGACCCCATGCAATCGCAATGGCA
SRR4420340.2399	3308T_G_neg	AACATACCC	+	2660	2668	AACATACCC
SRR4420340.2400	3308T_G_neg	AACATACCC	+	2632	2640	AACATACCC
SRR4420340.2400	3308T_G_neg_50bp	[ATCG]{50}AACATACCC[ATCG]{50}	+	2582	2690	CGCATAAATATTAGAACTTTACAGTCAGAGGTTCAATTCCTCTTCTTAACAACATACCCATGGCCAACCTCCTACTCCTCATTGTACCCGGTTTCTAATCGCAGATGGC
SRR4420340.2401	3308T_G_neg	AACATACCC	+	2680	2688	AACATACCC
SRR4420340.2401	3308T_G_neg_50bp	[ATCG]{50}AACATACCC[ATCG]{50}	+	2630	2738	ATGCGCATAAACTTAAAACTTTAAGTCAGAGGTTCAATTCTTCCTGTAACAACATACCCATGGCCAATCCTCCTACTCCTCATGTATAGGATGCGGATCGCAATGGCAT
SRR4420340.2402	3308T_G_neg	AACATACCC	+	2572	2580	AACATACCC
SRR4420340.2402	3308T_G_neg_50bp	[ATCG]{50}AACATACCC[ATCG]{50}	+	2522	2630	GTAGATCGCATAAAACTTAATTTACAGTCCGAGTTCAATTCCTTCTTAACAACATACCCATGGCCATCCTACTCCTCATGTGACCCATTCTAATGCAATGGCATTCCTA
SRR4420340.2404	3308T_G_neg	AACATACCC	+	2635	2643	AACATACCC
SRR4420340.2404	3308T_G_neg_50bp	[ATCG]{50}AACATACCC[ATCG]{50}	+	2585	2693	TGCATAAAACTCTTAAAACTTTACAGGCAGTCAGAGTTCGATTCCTTCTCAACATACCCATGGCCACGCTCCTACTCCTCATTGTACCCATTCTAATCGAACCCGCATT
SRR4420340.2405	3308T_G_neg	AACATACCC	+	2625	2633	AACATACCC
SRR4420340.2405	3308T_G_neg_50bp	[ATCG]{50}AACATACCC[ATCG]{50}	+	2575	2683	AATCGCATAAAACTTAAAACTTTACAGTCCGAGTTCATTCCTCTATTCTTAACATACCCATGACCAACCTCCTACTCCTCATTGTACCCATTTCTAATCGCAATGGCAT
SRR4420340.2406	3308T_G_neg_50bp	[ATCG]{50}AACATACCC[ATCG]{50}	+	2574	2682	TAATCGCATAAATAAACTTTACAGTCAGAGGTTCAATTCCTCTTCTTAACAACATACCCGCTGATAAACCTCCTACTCCTCATTGTACCCATTCTAATCGCAATGGCAT
SRR4420340.2406	3308T_G_neg	AACATACCC	+	2624	2632	AACATACCC
SRR4420340.2407	3308T_G_neg	AACATACCC	+	2685	2693	AACATACCC
SRR4420340.2407	3308T_G_neg_50bp	[ATCG]{50}AACATACCC[ATCG]{50}	+	2635	2743	TCGCATAAACTTAAAAACTTTACAGTCAGAGGTTCAATTCCTCTTCTGACAACATACCCATGGCCAACCTCCCTCTCCATTGTACCCATTCTAATGCAATGGCATTCCT
SRR4420340.2409	3308T_G_neg	AACATACCC	+	2681	2689	AACATACCC
SRR4420340.2409	3308T_G_neg_50bp	[ATCG]{50}AACATACCC[ATCG]{50}	+	2631	2739	CGCATATAAAACTTAAAACTTTACAGTCAGAGTTCATTCCTCTTCTTAACAACATACCCATGGCCAACCTCCTACTCCTCATTGTACCCATTTCGATCGCAATGGCATT
SRR4420340.2410	3308T_G_neg	AACATACCC	+	2634	2642	AACATACCC
SRR4420340.2410	3308T_G_neg_50bp	[ATCG]{50}AACATACCC[ATCG]{50}	+	2584	2692	CATAAACTTAAAACAACTTTACAGTCAGAGGTTCAATTCCTCTTCTTGACAACATACCCATAGTGGATACTCCTACTCCTCATTGTACCCATTCTAATGCATGGCATTT
SRR4420340.2411	3308T_G_neg	AACATACCC	+	2616	2624	AACATACCC
SRR4420340.2411	3308T_G_neg_50bp	[ATCG]{50}AACATACCC[ATCG]{50}	+	2566	2674	CGCATAAACTTAAAACTTTACAGTCAGAGTTCAATTCCTCTTGCGTGGACAACATACCCATGGCCAACCTCCTACTCCTCATTGTACCCATTCTAATCGCAATGGCATT
SRR4420340.2412	3308T_G_neg	AACATACCC	+	2732	2740	AACATACCC
SRR4420340.2412	3308T_G_neg_50bp	[ATCG]{50}AACATACCC[ATCG]{50}	+	2682	2790	CGCAATAAACTTAAAACTTTACAGTCAGAGGTTCAATTCCTCTTCTTAACAACATACCCATGGCCAACCTCCTACTCCTCATTGTACCCATTCTAATCGCAATGGCATT
SRR4420340.2414	3308T_G_neg	AACATACCC	+	2649	2657	AACATACCC
SRR4420340.2414	3308T_G_neg_50bp	[ATCG]{50}AACATACCC[ATCG]{50}	+	2599	2707	CATAAAAACTTAAAACTTTACAGTCATAGAGGTTCAATTCCTCTTTGAATAACATACCCATGGCCACAACCTCCTACTCCTCATTGGCATGTCCGGATCGCAATGGCAT
SRR4420340.2415	3308T_G_neg	AACATACCC	+	2647	2655	AACATACCC
SRR4420340.2415	3308T_G_neg_50bp	[ATCG]{50}AACATACCC[ATCG]{50}	+	2597	2705	GCAGCAAACTTAAAACTTTACAGTCAGAGGTTCAGATTCCTCTTCTTGACAACATACCCGTACTAGACCTCCTACTCCTCATTGTACCCATTCTAATCGCAATCGGCAT
SRR4420340.2417	3308T_G_neg	AACATACCC	+	2611	2619	AACATACCC
SRR4420340.2417	3308T_G_neg_50bp	[ATCG]{50}AACATACCC[ATCG]{50}	+	2561	2669	TCGCATAAAACTTAAACTTTACAGTCAGAGGTTCAATTCCTCTTCTTAACAACATACCCATGGCCAACCTCCTACTCCTCATTGTACCCATTCTAATCGCAATGGCATT
SRR4420340.2419	3308T_G_neg	AACATACCC	+	2604	2612	AACATACCC
SRR4420340.2419	3308T_G_neg_50bp	[ATCG]{50}AACATACCC[ATCG]{50}	+	2554	2662	CGCATAAAACTTAAAACTTTACAGTCAGAGGTTCAATTCCTCTTCTTAACAACATACCCCATGGCCACATCCTCCTACTCCTCATTGGCATGATTTCTAATCGCAATGG
SRR4420340.2420	3308T_G_neg	AACATACCC	+	2571	2579	AACATACCC
SRR4420340.2420	3308T_G_neg_50bp	[ATCG]{50}AACATACCC[ATCG]{50}	+	2521	2629	GTAATCGCATAAACTTAAACTTTACAGTCAGGTTCAATTCCTCTGCTAACAACATACCCATGGCCAACCTCCTACTCCTCATTGTACCCATTCTAATCGCAATGGCATT
SRR4420340.2421	3308T_G_neg	AACATACCC	+	2561	2569	AACATACCC
SRR4420340.2421	3308T_G_neg_50bp	[ATCG]{50}AACATACCC[ATCG]{50}	+	2511	2619	CCGCATAAACTTAAAACTCTTTACAGTCAGAGGTTCAATTCCTCTTTAACAACATACCCATGGATGCTCCTACTCCTCATTGTACCCATTCTAATCGCAATGGCATTCC
SRR4420340.2427	3308T_G_neg	AACATACCC	+	2610	2618	AACATACCC
SRR4420340.2427	3308T_G_neg_50bp	[ATCG]{50}AACATACCC[ATCG]{50}	+	2560	2668	CGCATAAACTTAAAACTTTACAGTCAGAGGTTCAAATTCCTCTTCTTAACAACATACCCATGGGACCTCCTACTCCTCATTGTACCCATTCTAATCGCAATGGCATTTT
SRR4420340.2429	3308T_G_neg	AACATACCC	+	2654	2662	AACATACCC
SRR4420340.2429	3308T_G_neg_50bp	[ATCG]{50}AACATACCC[ATCG]{50}	+	2604	2712	CGCATAAAACTTAAATATTTACAGTCAGAGGTTCAATTCCTCTTCTTAACAACATACCCATGGCCAACCTCCTACTCCTCATTGTACCCATTCTAATCGCAATGGCTTC
SRR4420340.2430	3308T_G_neg	AACATACCC	+	2609	2617	AACATACCC
SRR4420340.2430	3308T_G_neg_50bp	[ATCG]{50}AACATACCC[ATCG]{50}	+	2559	2667	TCGCATAAAACTTAAAACTTTGGATCACCATTCGCATTCCTCTTCTTAACAACATACCCATGGCCAACCTCCTACTCCTCATTGTACCAGGTTCTAATCGCAATGGCAT
SRR4420340.2431	3308T_G_neg_50bp	[ATCG]{50}AACATACCC[ATCG]{50}	+	2616	2724	CGCATAAAACTTAAATATTTACAGTCAGAGGTTCAATTCCTCTTCTTAACAACATACCCATGGCCAACCTCCTACTCCTCATTGACCCGGTTCTAATCGCAATGGCATT
SRR4420340.2431	3308T_G_neg	AACATACCC	+	2666	2674	AACATACCC
SRR4420340.2433	3308T_G_neg	AACATACCC	+	2631	2639	AACATACCC
SRR4420340.2433	3308T_G_neg_50bp	[ATCG]{50}AACATACCC[ATCG]{50}	+	2581	2689	TAAACTTAAAACTCCTTTACAGTCAGAGGTCTTCAATTCCTCTTCTTAACAACATACCCATGGCCAACCTCCTACTCCTCATTGTACCCATTCTAATGCAATGGCATTC
SRR4420340.2434	3308T_G_neg	AACATACCC	+	2650	2658	AACATACCC
SRR4420340.2434	3308T_G_neg_50bp	[ATCG]{50}AACATACCC[ATCG]{50}	+	2600	2708	TGCATAAAACTTAAAACTTTACAGTCAGAGGTTCAATTCCTCTTCTTGACAACATACCCATGGCCAACCTCCTACTCCTCATTGTACCCATCGTGGATCGCATGCATTC
SRR4420340.2437	3308T_G_neg	AACATACCC	+	2676	2684	AACATACCC
SRR4420340.2437	3308T_G_neg_50bp	[ATCG]{50}AACATACCC[ATCG]{50}	+	2626	2734	CATAAAACTTAAAACTTTACAGTCAGAGGTTCAATCTTCCTCTTCTTAACAACATACCCATGGCCAACCTCCTACTCCTCATTGGTGTACCCATTCTAATCGCAATGGC
SRR4420340.2439	3308T_G_neg	AACATACCC	+	2680	2688	AACATACCC
SRR4420340.2439	3308T_G_neg	AACATACCC	+	4778	4786	AACATACCC
SRR4420340.2439	3308T_G_neg_50bp	[ATCG]{50}AACATACCC[ATCG]{50}	+	2630	2738	ATCGCATAAAACTTAAAACTTTACGTCAGAGGTTCATTCCTCTTCTTAACAACATACCCAGTAGCCAACCTCCTCACTCCTCATTGGCAGGTTTCTAATCGCATCGCAT
SRR4420340.2439	3308T_G_neg_50bp	[ATCG]{50}AACATACCC[ATCG]{50}	+	4728	4836	ATCACACTATAGCTCCCCATATCTAACAACGTAAAATAAAATGACAGTTGAACATACCCAAACCCACCCCATTCCTCCCCCACACTCATCTCCTACGCTGACGGCTTAT
SRR4420340.2440	3308T_G_pos	AACACACCC	+	3245	3253	AACACACCC
SRR4420340.2440	3308_T_G_pos_50bp	[ATCG]{50}AACACACCC[ATCG]{50}	+	3195	3303	CCGCACCGGCGCCCTATTCTTCATAGCCGAATACAAACATTATTATAATAAACACACCCTCAGATAGATCTTCCTAGGAACAACATATCGCATCCCTGAACTCTACACA
SRR4420340.2441	3308T_G_neg	AACATACCC	+	2664	2672	AACATACCC
SRR4420340.2441	3308T_G_neg_50bp	[ATCG]{50}AACATACCC[ATCG]{50}	+	2614	2722	CGCATAAAACTTAAAAACTTTACAGTCAGAGTTCACGTTTCCTTCTTAACAACATACCCATGGCCAACCTCCTACTCCTCATTGGCATTCTAATCGCAATGCATTCTGT
SRR4420340.2442	3308T_G_neg	AACATACCC	+	2699	2707	AACATACCC
SRR4420340.2442	3308T_G_neg_50bp	[ATCG]{50}AACATACCC[ATCG]{50}	+	2649	2757	CGCATAAAACTTAAAACTTTACAGTCAGAGTTCAATTCCTCTTCTTTAACAACATACCCAGCCAACCTCCTACTCCTCAGGTCCCATTCTAATCGCAGATGGCATTCCT
SRR4420340.2444	3308T_G_neg	AACATACCC	+	4275	4283	AACATACCC
SRR4420340.2444	3308T_G_neg_50bp	[ATCG]{50}AACATACCC[ATCG]{50}	+	4225	4333	CAAACCCAGCTACGCAAATCTTAGCATCACTCAATTACCCACATAGGATGAACATACCCAGTTCTACGAGTTAAGACCCTAACATAACCATTCTTAATTTAACTATTTG
SRR4420340.2445	3308T_G_neg	AACATACCC	+	2527	2535	AACATACCC
SRR4420340.2445	3308T_G_neg	AACATACCC	+	4196	4204	AACATACCC
SRR4420340.2445	3308T_G_neg_50bp	[ATCG]{50}AACATACCC[ATCG]{50}	+	2477	2585	GGCATAAAACTTAAAACTTTACAGTCAGAGGTTCGATTCCTCTTCTTAACAACATACCCATGGCCACTCCTACTCCTCATTGTACCCATTCTAATCGCATGCATTCCTA
SRR4420340.2445	3308T_G_neg_50bp	[ATCG]{50}AACATACCC[ATCG]{50}	+	4146	4254	AACCCAGCTACGCAAATCTTAGCATACTCCTCAATTACCCACATAGGATGAACATACCCGGTTCTACCGTACAACCCTAACATAACCATTCTTAATTTAACTATTTATA
SRR4420340.2449	3308T_G_neg	AACATACCC	+	2634	2642	AACATACCC
SRR4420340.2449	3308T_G_neg_50bp	[ATCG]{50}AACATACCC[ATCG]{50}	+	2584	2692	AATCGCATAAAACTGAACACTCTACAGTCAGTGCCCGATTCCTTCTTAACAACATACCCATGGCCAACCTCCTACTCTCATTGGCAGGTTCACGGGCAGCAATTCCTAA
SRR4420340.2450	3308T_G_neg	AACATACCC	+	2658	2666	AACATACCC
SRR4420340.2450	3308T_G_neg_50bp	[ATCG]{50}AACATACCC[ATCG]{50}	+	2608	2716	AATCGCATAAATAAAACTTTACAGTCAGAGGTTCAATTCCTCTTCTTAACAACATACCCATGGCCAAGCTCCTACTCCTCATTGTACCATTCTAATGCAATGGCATTCC
SRR4420340.2451	3308T_G_neg	AACATACCC	+	2649	2657	AACATACCC
SRR4420340.2451	3308T_G_neg_50bp	[ATCG]{50}AACATACCC[ATCG]{50}	+	2599	2707	TCGCAGTAAAACTAAACTTTACAGTCAGAGGTTCAATTCCTCTTCTTGACAACATACCCATGGCCAACCTCCTACTCCTCATTGTACCCATTCTAATCGCAATGGCATT
SRR4420340.2452	3308T_G_neg	AACATACCC	+	2654	2662	AACATACCC
SRR4420340.2452	3308T_G_neg_50bp	[ATCG]{50}AACATACCC[ATCG]{50}	+	2604	2712	TCACAGGATAAACTTAAACTTTACAGTCAGAGGTTCATTCCTCTTCTGACAACATACCCATGGCCAACCTCCTACTCCTCATTGTACCCATGCAATCGCAATGGCATTC
SRR4420340.2455	3308T_G_neg_50bp	[ATCG]{50}AACATACCC[ATCG]{50}	+	2585	2693	CGCAATAAAACTTAAAACTTTACAGTCAGAGGTTCAATTCTCTTCTTAACAACATACCCGATCGCTCCTACTCCTCATTGTACCCATTCTAATCGCAATGGCATTCCTA
SRR4420340.2455	3308T_G_neg	AACATACCC	+	2635	2643	AACATACCC
SRR4420340.2460	3308T_G_neg	AACATACCC	+	2629	2637	AACATACCC
SRR4420340.2460	3308T_G_neg_50bp	[ATCG]{50}AACATACCC[ATCG]{50}	+	2579	2687	TAATCGCATAAACTTAAACAATTTACAGTCAGAGTTCAATTCCTTTATCTAACATACCCATGGATCTCCTACTCCTCATTACCCATGCGTAATCGCAATGGCATTCCTA
SRR4420340.2462	3308T_G_neg	AACATACCC	+	2607	2615	AACATACCC
SRR4420340.2462	3308T_G_neg_50bp	[ATCG]{50}AACATACCC[ATCG]{50}	+	2557	2665	TCCGCATAAACTTAAAAACTTTACAGTCAGAGGTTCTAATTTCCTCTTTTAACATACCCTGAGGCTGGCCAACCTCCTACTCCTCATTGTTCCATTCTAGATCGCAATG
SRR4420340.2466	3308T_G_neg	AACATACCC	+	2689	2697	AACATACCC
SRR4420340.2466	3308T_G_neg_50bp	[ATCG]{50}AACATACCC[ATCG]{50}	+	2639	2747	TCGCATAAAACTTAAACTTTACAGTCAGAGGTTCGATTCCTCTTCTTGACAACATACCCATGGCCAACCTCCTACTCCTCATTGTACCCATTCTAATCGCAATGGCATT
SRR4420340.2468	3308T_G_pos	AACACACCC	+	3795	3803	AACACACCC
SRR4420340.2468	3308_T_G_pos_50bp	[ATCG]{50}AACACACCC[ATCG]{50}	+	3745	3853	TGTACACACAGGGCGACGAGTTGCGCGGTGGCTTGGGGGAGGCGGATGAGAACACACCCGGTACGAGGGGGTGCCTAACCTCGCTATCAACCCTTGACCGCGAGTGGCT
SRR4420340.2469	3308T_G_neg_50bp	[ATCG]{50}AACATACCC[ATCG]{50}	+	2551	2659	ATCGCATAAACTTAAACTTTACAGTCAGAGGTTCAATTCCTCTTCTTAACAACATACCCATGGCCAACCTCCTACTCCATGTACCCGGTTCTAATCGCAATGGCATTCC
SRR4420340.2469	3308T_G_neg	AACATACCC	+	2601	2609	AACATACCC
SRR4420340.2470	3308T_G_neg	AACATACCC	+	2631	2639	AACATACCC
SRR4420340.2470	3308T_G_neg_50bp	[ATCG]{50}AACATACCC[ATCG]{50}	+	2581	2689	TGCATAAAACTTAAAACTTTACAGTCAGAGGTTCAATTCCTCTTCTTAACAACATACCCATGGCCATCACTCCTACTCCTCATTTGGCGGTCACCTATCCACCGCAATG
SRR4420340.2474	3308T_G_neg	AACATACCC	+	2643	2651	AACATACCC
SRR4420340.2474	3308T_G_neg_50bp	[ATCG]{50}AACATACCC[ATCG]{50}	+	2593	2701	GCAACAAACGTGCAAACTTTACAGTCAGAGGTTCAATTCCTCTTCTTAACAACATACCCATGGCCAACCTCCCTACTCCTCATTGTATCAGCGTCTAATCGCAATGGCA
SRR4420340.2477	3308T_G_neg_50bp	[ATCG]{50}AACATACCC[ATCG]{50}	+	2524	2632	ATCGCATAAAACTTAAAACTTTACAGTCAGGATTCGATCCTCTTCTTAACAACATACCCATCAACCTCCTACTCCTCATTGACCGATTGCGTACGCAATGGCATTCCCA
SRR4420340.2477	3308T_G_neg	AACATACCC	+	2574	2582	AACATACCC
SRR4420340.2478	3308T_G_neg	AACATACCC	+	2662	2670	AACATACCC
SRR4420340.2478	3308T_G_neg_50bp	[ATCG]{50}AACATACCC[ATCG]{50}	+	2612	2720	CGCATAAAACTTAAAACTTTACAGTCAGAGGTTCAATTCCTCTTCTTAACAACATACCCATGGCCAACCTCCTACTCCTCATTGTACCCATTCCAATGCAATGGCATTC
SRR4420340.2479	3308T_G_neg	AACATACCC	+	2592	2600	AACATACCC
SRR4420340.2479	3308T_G_neg_50bp	[ATCG]{50}AACATACCC[ATCG]{50}	+	2542	2650	AATCGCATAAACTTAAAACTTCAGTCAGAGGTTCGATTCGTGCTCTTAACAACATACCCATGGCCAACCTCCTACTCCGCTTGGAGCTTCTAATGCAATGCATTCCTAA
SRR4420340.2484	3308T_G_neg	AACATACCC	+	2511	2519	AACATACCC
SRR4420340.2484	3308T_G_neg_50bp	[ATCG]{50}AACATACCC[ATCG]{50}	+	2461	2569	TCGCATAAACTTAAAACTTTACAGTCAGAGGTTCAATTCCTCTTCTTAACAACATACCCGGCTGGCCAACCTCCTACTCCTTGTACCCATTCTGAACGCAATGGCATTC
SRR4420340.2485	3308T_G_neg	AACATACCC	+	2603	2611	AACATACCC
SRR4420340.2485	3308T_G_neg_50bp	[ATCG]{50}AACATACCC[ATCG]{50}	+	2553	2661	CATAAAAACTTAAAACTTTACAGTCAGAGGTTCACGTTCCTCTTCTTAACAACATACCCGGTACGGCCAAACCTCCTACCTCCTCAGTGGCGTCGAGTATCGCATGCAT
SRR4420340.2489	3308T_G_neg	AACATACCC	+	2644	2652	AACATACCC
SRR4420340.2489	3308T_G_neg_50bp	[ATCG]{50}AACATACCC[ATCG]{50}	+	2594	2702	TAATCGCATAAAAACTTAAACTTTACGTCAGAGGTTCAATTCCTCTTAACAACATACCCATGTACACCGCTCCCCTACTCCTCATTGGCCGCATTCTAATCGCAATGGC
SRR4420340.2490	3308T_G_neg	AACATACCC	+	2625	2633	AACATACCC
SRR4420340.2490	3308T_G_neg_50bp	[ATCG]{50}AACATACCC[ATCG]{50}	+	2575	2683	TAATCGCATAAACTTAAAACTTTACAGTCAGAGGTTCAATTCCTCTTCTTAACATACCCATGGCCATCGGCCTACTCCTCATTGTACCCATTCTAATCGCAATGGCATT
SRR4420340.2491	3308T_G_neg	AACATACCC	+	2608	2616	AACATACCC
SRR4420340.2491	3308T_G_neg_50bp	[ATCG]{50}AACATACCC[ATCG]{50}	+	2558	2666	CGCATAAAACTTAAAACTTTACAGTCAGAGGTTCAATTCCTCTTCTTAACAACATACCCATGGCCATCTGGACAACTCATTGGCATTCCTAATGAAATGGCATTCCGTG
SRR4420340.2492	3308T_G_neg	AACATACCC	+	2590	2598	AACATACCC
SRR4420340.2492	3308T_G_neg_50bp	[ATCG]{50}AACATACCC[ATCG]{50}	+	2540	2648	TCGCATAAAACTTAAACTTTACAGTCAGAGGTTCAATTCCTCTTCTTAACAACATACCCATGGATCTCCTAACTCCTCATTGGAGCTTCTAATCGCAATGGCATTCCCA
SRR4420340.2495	3308T_G_neg	AACATACCC	+	2612	2620	AACATACCC
SRR4420340.2495	3308T_G_neg_50bp	[ATCG]{50}AACATACCC[ATCG]{50}	+	2562	2670	TCGCATAAACTTAAAACTTTACAGTCAGAGGTTCAATTCCTCTTCTTAACAACATACCCATGGCCAACCTCCTACTCCTCATTGTACCCATTCTAATCGCAATGGCATT
SRR4420340.2496	3308T_G_neg	AACATACCC	+	2592	2600	AACATACCC
SRR4420340.2496	3308T_G_neg_50bp	[ATCG]{50}AACATACCC[ATCG]{50}	+	2542	2650	ATCGCATAAACTGAACTTTACAGTCACTAGGTTCAATTCCTCTTCTTAACAACATACCCTGACCGCCAACCTCCTACTCCTCATTGTGACCCATTCTAATCGCAATGGC
SRR4420340.2497	3308T_G_neg	AACATACCC	+	2652	2660	AACATACCC
SRR4420340.2497	3308T_G_neg_50bp	[ATCG]{50}AACATACCC[ATCG]{50}	+	2602	2710	AATCGCATAAACTTAAACTTTACAGTCCGAGTTCAATTCCTCTTCTTAACAACATACCCATGGCCAACCTCCTACTCCTCATTGTACCATTCTAATGCAATGGCATTCC
SRR4420340.2502	3308T_G_neg	AACATACCC	+	2665	2673	AACATACCC
SRR4420340.2502	3308T_G_neg_50bp	[ATCG]{50}AACATACCC[ATCG]{50}	+	2615	2723	GTAATCGCATAAACCACTGAATCAGTCGACGAGTTCAATTCCTTCTTAACAACATACCCATGGATCTCCTACTCCTCATTACCCATGTCGATCGCATGGCTTCCTAATG
SRR4420340.2503	3308_T_G_pos_50bp	[ATCG]{50}AACACACCC[ATCG]{50}	+	357	465	TAAAAACTCCAGTTGACAAAATAGATAGAAAGTGGCTTTAGCCGATGGTGAACACACCCGCTACCAGACCCAAACTGGGATCAACCCCACTGCTGCTCTAAACCGCTCA
SRR4420340.2503	3308T_G_neg	AACATACCC	+	2436	2444	AACATACCC
SRR4420340.2503	3308T_G_neg_50bp	[ATCG]{50}AACATACCC[ATCG]{50}	+	2386	2494	ATCGCATAAACTTAAACTTTACAGTCAGAGGTTCAATTCCTCTTCTTAACAACATACCCATGGCCAACCTCCTACTCCTCATTGTACCCATTCTAATCGCAATGGCATT
SRR4420340.2503	3308T_G_pos	AACACACCC	+	407	415	AACACACCC
SRR4420340.2504	3308T_G_neg	AACATACCC	+	2574	2582	AACATACCC
SRR4420340.2504	3308T_G_neg_50bp	[ATCG]{50}AACATACCC[ATCG]{50}	+	2524	2632	TCGCATAAACTTAAAACTTTACAGTCAGAGGTTCAATTCCTCTTCTTAACAACATACCCTATCGGCCAACCTCCTACTCCTCATTGTACCCATTCTAATCGCAATGGCA
SRR4420340.2505	3308T_G_neg	AACATACCC	+	2683	2691	AACATACCC
SRR4420340.2505	3308T_G_neg_50bp	[ATCG]{50}AACATACCC[ATCG]{50}	+	2633	2741	AATCGCATAAAACTTAAACTTTACAGTCAGAGGTTCAATTCCTCTTTAACAACATACCCATGGCCAACCTCCTACTCCTCATTGTACCCATTCTAATCGCAGATGGCAT
SRR4420340.2506	3308T_G_neg	AACATACCC	+	2678	2686	AACATACCC
SRR4420340.2506	3308T_G_neg_50bp	[ATCG]{50}AACATACCC[ATCG]{50}	+	2628	2736	GCAGCAAACTTAAACTTTACAGTCAGAGGTTCAATTTCCTCTATGTTAACAACATACCCATGGCCAACCTCCCTCTCCTCATGCGTCTAATCGCAATGGCATTTCCCGC
SRR4420340.2508	3308T_G_neg	AACATACCC	+	2652	2660	AACATACCC
SRR4420340.2508	3308T_G_neg_50bp	[ATCG]{50}AACATACCC[ATCG]{50}	+	2602	2710	GTACGCATAAACTTAAAACTTTACAGTCAGAGGTTCAATTCCTTCTTAACAACATACCCCGGCCAACTCCTCGGCTCCTCATTGTACCCATTCTAATCGCAATGGCATT
SRR4420340.2509	3308T_G_neg	AACATACCC	+	2645	2653	AACATACCC
SRR4420340.2509	3308T_G_neg_50bp	[ATCG]{50}AACATACCC[ATCG]{50}	+	2595	2703	TCGCATAAAACTTAAAACCTTTACAGTCAGAGGTTCAATTCCTTCTTAACAACATACCCATGGCCAACCTCCTACCTCCTCATTGGATTTAGATCTCTACGCAATGGCA
SRR4420340.2511	3308T_G_neg	AACATACCC	+	2624	2632	AACATACCC
SRR4420340.2511	3308T_G_neg_50bp	[ATCG]{50}AACATACCC[ATCG]{50}	+	2574	2682	AATCGCATAAACTTAAACTTTAAGTCAGAGGTTCAATTCCTCTTCTTAACAACATACCCAGCTGACCGCTCCCTACCCTCATTACCCATTCTAATGCAATGGCATTCCC
SRR4420340.2514	3308T_G_neg	AACATACCC	+	2613	2621	AACATACCC
SRR4420340.2514	3308T_G_neg_50bp	[ATCG]{50}AACATACCC[ATCG]{50}	+	2563	2671	GCATAAAACTTAAACTGGTTACAGTCAGAGGTTCAATTCCTCTTCTTAACAACATACCCATGGCCAACCTCCTACTCCTCATTGTACCCATTCTAATCGCAATGGCATT
SRR4420340.2516	3308T_G_neg	AACATACCC	+	2669	2677	AACATACCC
SRR4420340.2516	3308T_G_neg_50bp	[ATCG]{50}AACATACCC[ATCG]{50}	+	2619	2727	CGCATAAACTTAAACTTTGTACAGTCAGAGGTTCAATTCCTCTTCTTAACAACATACCCATGGCCAACCTCCTACTCCTCATTGTACCCATTCTAATCGCAATGCATTC
SRR4420340.2521	3308T_G_neg	AACATACCC	+	2581	2589	AACATACCC
SRR4420340.2521	3308T_G_neg_50bp	[ATCG]{50}AACATACCC[ATCG]{50}	+	2531	2639	GGGCATAGAATATTAAACTTTACAGTCAGAGGTTCGATTCCTTTGGTAACAACATACCCATGGCCAACCTCCTACTCCTCATTGTACCCGGTCAGTCCCAAGTCGTTGG
SRR4420340.2582	3308T_G_pos	AACACACCC	+	193	201	AACACACCC
SRR4420340.2582	3308_T_G_pos_50bp	[ATCG]{50}AACACACCC[ATCG]{50}	+	143	251	AAAGGGGGACAAGCATCAGCACGCAGCAATGCAGCTCTCAAAACGCGCTTAACACACCCACGGGAACAGCATAGTGATTAACCTTTGTAGCAATAAACGAAAGTTTAAC
SRR4420340.2601	3308T_G_neg	AACATACCC	+	2677	2685	AACATACCC
SRR4420340.2601	3308T_G_neg_50bp	[ATCG]{50}AACATACCC[ATCG]{50}	+	2627	2735	TCGCATAAAACTTAAAACTTTACAGTCAGAGTTCAATTCCTCTTCTTAACAACATACCCCATGGCCAACCTCCTACTCCTCATTGGCCGATCTAACTGCAATGGCATTC
SRR4420340.2602	3308T_G_neg	AACATACCC	+	2641	2649	AACATACCC
SRR4420340.2602	3308T_G_neg_50bp	[ATCG]{50}AACATACCC[ATCG]{50}	+	2591	2699	TCGCATAAAACTTAAACTTTACAGTCAGAGGTTCAATTCCTCTTCTTAACAACATACCCATGGGACCTCCTACTCCTCATTGTACCATTCGATCGCAATGGCATTCCTA
SRR4420340.2603	3308_T_G_pos_50bp	[ATCG]{50}AACACACCC[ATCG]{50}	+	4428	4536	CACCACGACCCTACCCACCTATCTCGCACCTGGAACAAGCTAACATGACTAACACACCCTTAATTCCATCCACCCTCCTCCTAGGAGGCCTGCCGAGGACCGGCTTTTG
SRR4420340.2603	3308T_G_neg	AACATACCC	+	2627	2635	AACATACCC
SRR4420340.2603	3308T_G_neg_50bp	[ATCG]{50}AACATACCC[ATCG]{50}	+	2577	2685	CATAAAACTTAAACTTTACAGTCAGAGGTTCAATTCCTCCTCTTCTTAACAACATACCCATGGCCAACCTCCTACTCCTCACATGTATACCCATTCTAATGCGCAATGG
SRR4420340.2603	3308T_G_pos	AACACACCC	+	4478	4486	AACACACCC
SRR4420340.2604	3308T_G_neg	AACATACCC	+	2627	2635	AACATACCC
SRR4420340.2604	3308T_G_neg_50bp	[ATCG]{50}AACATACCC[ATCG]{50}	+	2577	2685	ATCGCATAAAACTTAAAACTTTACAGTCAGGTTCAATTCCTCTTCTTAACAACATACCCATACCCAACCTCCTACTCCTCATTGTACCCATTCTAATCGGGCATTCCTA
SRR4420340.2605	3308T_G_neg_50bp	[ATCG]{50}AACATACCC[ATCG]{50}	+	2541	2649	ATAAACTTAAAACTTTGTACATTTGTCAGAGGTTCAATTCCTCTTCTGACAACATACCCATGGATAGCCCTCTCCCTTGGCCCATTCTCGATCGCAATGGCATTCCTAA
SRR4420340.2605	3308T_G_neg_50bp	[ATCG]{50}AACATACCC[ATCG]{50}	+	5242	5350	TCTACAACGTTATCGTCACAGCCCATGCATTTGTAATAATCTTCTTCACTAACATACCCATCACTTAGAAGCGTTGGCTAACTGACTAGTTCCTAATAATCGGTGCCCC
SRR4420340.2605	3308T_G_neg	AACATACCC	+	2591	2599	AACATACCC
SRR4420340.2605	3308T_G_neg	AACATACCC	+	5292	5300	AACATACCC
SRR4420340.2617	3308T_G_neg	AACATACCC	+	2665	2673	AACATACCC
SRR4420340.2617	3308T_G_neg_50bp	[ATCG]{50}AACATACCC[ATCG]{50}	+	2615	2723	CATATAAAACTTAAAACTTTACAGTCAGAGGTTCGATTCCTCTTCTTAACAACATACCCATGGCCAACCTCCTACTCCTCATTGTACCCATTCGATCGCAATGGCATTC
SRR4420340.2622	3308T_G_neg	AACATACCC	+	2649	2657	AACATACCC
SRR4420340.2622	3308T_G_neg_50bp	[ATCG]{50}AACATACCC[ATCG]{50}	+	2599	2707	TCGCATAAATTAAACTTTACAGTCAGAGGTTCAATTCCTCTTCTCTTAACAACATACCCATGAGTAACTCCTACTCCTCATTGTACCCATTCTAATCGCAATGGATTCC
SRR4420340.2635	3308T_G_neg	AACATACCC	+	2560	2568	AACATACCC
SRR4420340.2635	3308T_G_neg_50bp	[ATCG]{50}AACATACCC[ATCG]{50}	+	2510	2618	AATCGCATAAACTTAAACTTTACAGTCAGAGGTTCGATTCCTGGTCCTCTAACATACCCATGGCCAACCTCCTACTCCTCATTGGCCGAGTTCTAATGCAATGGCATTT
SRR4420340.2638	3308T_G_neg	AACATACCC	+	2585	2593	AACATACCC
SRR4420340.2638	3308T_G_neg_50bp	[ATCG]{50}AACATACCC[ATCG]{50}	+	2535	2643	CGCATAAACTTAAACTTTACAGTCAGAGGTTCAATTCCTCTGTGCGTAACAACATACCCATGGCCAACCTCCTACTCCCACCTTGACCCATTCGATCGCAATGGCATTC
SRR4420340.2642	3308T_G_neg_50bp	[ATCG]{50}AACATACCC[ATCG]{50}	+	2551	2659	ATCGCATAAAAACTTAAACTTATTTACGTCAGTGCTAATTCCTTCTTAACAACATACCCATGGCCAACCTCCTACTCCTCATTGAAGGTTCTAATCGCAATGGCATTCC
SRR4420340.2642	3308T_G_neg	AACATACCC	+	2601	2609	AACATACCC
SRR4420340.2655	3308T_G_neg	AACATACCC	+	2597	2605	AACATACCC
SRR4420340.2655	3308T_G_neg_50bp	[ATCG]{50}AACATACCC[ATCG]{50}	+	2547	2655	CATCAAAACTTAAAAACTTTACAGTCAGAGGTTCAATTCCTCTTCTTAACAACATACCCATGGCCAACCTCCTACTCCTCGCACATTGGCCCATTTCTAATCGCAATGG
SRR4420340.2656	3308T_G_neg	AACATACCC	+	2761	2769	AACATACCC
SRR4420340.2656	3308T_G_neg_50bp	[ATCG]{50}AACATACCC[ATCG]{50}	+	2711	2819	CGCATAAAAACTTAAAAACTTTACAGTCAGAGGTTCAATTCCTCTTTAACAACATACCCATACTCAACCTCCTACTCCTCATTGTACCCATTCTAATCGCAATGGCATT
SRR4420340.2657	3308T_G_neg_50bp	[ATCG]{50}AACATACCC[ATCG]{50}	+	2513	2621	CGCATAAACTTAAAACTTTACAGTCAGAGGTTTGCATTCCTCGTGGTGACAACATACCCATGGCCAACCTCCTACTCCTCATTAGGATGTTTCTAATGCAATGGCATTC
SRR4420340.2657	3308T_G_neg	AACATACCC	+	2563	2571	AACATACCC
SRR4420340.2659	3308T_G_neg_50bp	[ATCG]{50}AACATACCC[ATCG]{50}	+	2544	2652	ATCGCATAAACTTAAACTTTACAGTCAGAGGTTCAATTCCTCTTCTTAACAACATACCCATGGCCAACCTCCTACTCCTCATTGTATGAGTCCTAATCGCAATGGCATT
SRR4420340.2659	3308T_G_neg	AACATACCC	+	2594	2602	AACATACCC
SRR4420340.2660	3308T_G_neg	AACATACCC	+	2625	2633	AACATACCC
SRR4420340.2660	3308T_G_neg_50bp	[ATCG]{50}AACATACCC[ATCG]{50}	+	2575	2683	TCGCATAAAACTTAAAACTTTACAGTCAGAGGTTCAATTCCTTCTTAGCTAACATACCCATGGATTCCTACTCCTCATTGTACCCATTCTAATGCAATGGCATTCCTAA
SRR4420340.2661	3308T_G_neg	AACATACCC	+	2638	2646	AACATACCC
SRR4420340.2661	3308T_G_neg_50bp	[ATCG]{50}AACATACCC[ATCG]{50}	+	2588	2696	TAATCGCATAAACTTAAACTTTACAGTCGAGGTTCAATTCTATGCTTAACAACATACCCATGGCCATCTCCCACTCCTCATTGTACCCATTCTAATCGCAGTGGCATTC
SRR4420340.2662	3308T_G_neg	AACATACCC	+	2598	2606	AACATACCC
SRR4420340.2662	3308T_G_neg_50bp	[ATCG]{50}AACATACCC[ATCG]{50}	+	2548	2656	TCGCATAAACTTAAACTTTACAGTCAGAGGTTCTAATTCCTCTTCTTAACAACATACCCATGGCCATCTCCCACTCCTCATTGGCCGCATTCTAATCGCAATGGCATTC
SRR4420340.2663	3308T_G_neg	AACATACCC	+	2609	2617	AACATACCC
SRR4420340.2663	3308T_G_neg	AACATACCC	+	3291	3299	AACATACCC
SRR4420340.2663	3308T_G_neg_50bp	[ATCG]{50}AACATACCC[ATCG]{50}	+	2559	2667	TAATCGCATAAATTAAAACTTTACAGTCAGAGGTTCGATTCCTCTTTAACAACATACCCATGGCCACTCCTACTCCTCATTGTACCCATTCTAATCGCAATGGCATTCC
SRR4420340.2663	3308T_G_neg_50bp	[ATCG]{50}AACATACCC[ATCG]{50}	+	3241	3349	AGGCCCCTTCGCCCTATTCTTCATAGCCGAATACACAAACATTATTGACCAACATACCCTCACCACTACAATCTTCCTAGGAACAACATATGACGCACTCTCCCCTGAA
SRR4420340.2664	3308T_G_neg	AACATACCC	+	2591	2599	AACATACCC
SRR4420340.2664	3308T_G_neg_50bp	[ATCG]{50}AACATACCC[ATCG]{50}	+	2541	2649	TCGCAATAAAACTTAAAACTTTACGAGTCAGAGGTTCAATTCCTTCCTCTAACATACCCATGGCCAACCTCCTACTCCTCATGTACCCATTCTAATCGCAATGGCATTC
SRR4420340.2669	3308T_G_neg	AACATACCC	+	2612	2620	AACATACCC
SRR4420340.2669	3308T_G_neg_50bp	[ATCG]{50}AACATACCC[ATCG]{50}	+	2562	2670	CCCGGTAATGCATAAACTTAAATTAAGTCAGAGGTTCAATTCCTCTTCTTAACATACCCATGGCCAACCTCCTACTCCTCATTGGTACCCATTCTAATCGCATGCAATT
SRR4420340.2670	3308T_G_neg	AACATACCC	+	2596	2604	AACATACCC
SRR4420340.2670	3308T_G_neg_50bp	[ATCG]{50}AACATACCC[ATCG]{50}	+	2546	2654	TCACCATAAACTTAAAACTTTACAGTTAAGGGTTCGATTCCTCTTCTGACAACATACCCATGGCCAACCTCCCCGCTCCTCATTGTACCCATTCTAATGCAATGGCATT
SRR4420340.2671	3308T_G_neg	AACATACCC	+	2670	2678	AACATACCC
SRR4420340.2671	3308T_G_neg_50bp	[ATCG]{50}AACATACCC[ATCG]{50}	+	2620	2728	GTAATCGCATAAAACTTAAACTTTACAGTCAGGTTCAATTCCTCTTCTTAAACATACCCATGGCCAACCTCCTACTCCTCATTGTGACCCATTCGTAATCGCAATGGCA
SRR4420340.2682	3308T_G_neg	AACATACCC	+	2665	2673	AACATACCC
SRR4420340.2682	3308T_G_neg_50bp	[ATCG]{50}AACATACCC[ATCG]{50}	+	2615	2723	TCGCATAAAACTTAAAACTTTAAGTTACAGGTTCACAGTTCCTTCTTAACAACATACCCATGGCCAACCTCCTACTCCTCATTGGTACCCATTCTAATCGCAATGGCAT
SRR4420340.2684	3308T_G_neg	AACATACCC	+	2675	2683	AACATACCC
SRR4420340.2684	3308T_G_neg_50bp	[ATCG]{50}AACATACCC[ATCG]{50}	+	2625	2733	CGCATAAAACTTAAAACTTTACAGTCAGAGGTTCAATTCCTCTTCTTAACAACATACCCATGGCCAACCTCCTACCTCCTCATTGTACCCATTCTAACGTATGCAATGG
SRR4420340.2685	3308T_G_neg	AACATACCC	+	2623	2631	AACATACCC
SRR4420340.2685	3308T_G_neg_50bp	[ATCG]{50}AACATACCC[ATCG]{50}	+	2573	2681	TAATCGCATAAACTTAAACTTTACAGTCAGAGGTTCAATTCCTTCTTAACAACATACCCATGGCCAACCTCCTACTCCTCATTGTACCCATTCTTACGCAATGGCATTC
SRR4420340.2686	3308T_G_neg	AACATACCC	+	2532	2540	AACATACCC
SRR4420340.2686	3308T_G_neg_50bp	[ATCG]{50}AACATACCC[ATCG]{50}	+	2482	2590	TAATCGCATAAACTTAAACTTTACAGTCAGAGGTTCAATTCCTCTTTAACAACATACCCATGGCCAACCTCTCCTACTCCACCCTATTACCATGCTAATGCATGGCATT
SRR4420340.2687	3308T_G_neg	AACATACCC	+	2585	2593	AACATACCC
SRR4420340.2687	3308T_G_neg_50bp	[ATCG]{50}AACATACCC[ATCG]{50}	+	2535	2643	GCATAAACTTAAAACTTTGTAACAGTCAGAGGTTCAATTCCTCTTCTGACAACATACCCATGGCCAACCTCTTATCACTCCTCATTGTGACGGTTGCTGATCGCATGTG
SRR4420340.2688	3308T_G_neg	AACATACCC	+	2674	2682	AACATACCC
SRR4420340.2688	3308T_G_neg_50bp	[ATCG]{50}AACATACCC[ATCG]{50}	+	2624	2732	GCATAAACTTAAAAACTTTACAGTCAGAGGTTCAATTCCTCTGCGGTAACAACATACCCATGGCCAACCTCCTACTCCCTCATGTACCCAGATTCTAATCGCAATGGCA
SRR4420340.2692	3308T_G_neg	AACATACCC	+	2673	2681	AACATACCC
SRR4420340.2692	3308T_G_neg_50bp	[ATCG]{50}AACATACCC[ATCG]{50}	+	2623	2731	TCGCAACATAAACTTAAAACTTACAGTCAGGTTCAATTCCTCTTCTTAACAACATACCCGTACTCAACCTCCTACTCCTCATTAGTTGAATTCTAATCGCAATGCATTC
SRR4420340.2693	3308T_G_neg	AACATACCC	+	2705	2713	AACATACCC
SRR4420340.2693	3308T_G_neg_50bp	[ATCG]{50}AACATACCC[ATCG]{50}	+	2655	2763	CGTACGACTTACCCAATGAGGCCTGTTACCGCTCGACTCTATCAACGCCCAACATACCCCAACGTTGTAAGCTACCACCCGGGCTACCGGGTGGATTCGTCCTCATAAG
SRR4420340.2695	3308T_G_neg	AACATACCC	+	2548	2556	AACATACCC
SRR4420340.2695	3308T_G_neg_50bp	[ATCG]{50}AACATACCC[ATCG]{50}	+	2498	2606	GAAATTCCTAACTTAAACTTTACAGTCAGAGGTTCGATTCCTTCTGTAACAACATACCCATGGCCAACCTCCTACTCCTCATTGTACCCATTCTAATCGCAATGGCATT
SRR4420340.2696	3308T_G_neg	AACATACCC	+	2593	2601	AACATACCC
SRR4420340.2696	3308T_G_neg_50bp	[ATCG]{50}AACATACCC[ATCG]{50}	+	2543	2651	CGCATATAAACTTAAATTTACAGTCGAGGTTCAATTCCCTTCTTGACCCTAACATACCCATGGCCATCGCCTCCTCATTGGCCGAATTCTAACCGCATGGGCTTCCTAA
SRR4420340.2697	3308T_G_neg	AACATACCC	+	2607	2615	AACATACCC
SRR4420340.2697	3308T_G_neg_50bp	[ATCG]{50}AACATACCC[ATCG]{50}	+	2557	2665	ATCGCATAAAACTTAAACGTGATCAGTCGAGTTCAATTCCTCTTCTTAACAACATACCCTGGCCGCGGGTAACCTCCTACTCCTCATCGTATGAGTTCTAATTCAATGG
SRR4420340.2698	3308T_G_neg	AACATACCC	+	2572	2580	AACATACCC
SRR4420340.2698	3308T_G_neg_50bp	[ATCG]{50}AACATACCC[ATCG]{50}	+	2522	2630	CGCATAAAACTTAAACTTTAACAGTCAGAGGTTCATTTCCTCTTCTTAACAACATACCCATATCTAACCTCCTACTCCTCATTGTACCCATTCTAATGAATGGCATTTA
SRR4420340.2699	3308T_G_neg	AACATACCC	+	2511	2519	AACATACCC
SRR4420340.2699	3308T_G_neg_50bp	[ATCG]{50}AACATACCC[ATCG]{50}	+	2461	2569	AATCGCATAAAACTTAAACTTTACAGTCAGAGGTTCGATTCCTCTTTAACAACATACCCATCGCTCCCTCCTCATTGTACCCATTCTAATCGCAATGGCATTCCTAATG
SRR4420340.2700	3308T_G_neg	AACATACCC	+	2556	2564	AACATACCC
SRR4420340.2700	3308T_G_neg_50bp	[ATCG]{50}AACATACCC[ATCG]{50}	+	2506	2614	CGACCATAAACTTAAAACTTTACAGTCAGAGGTTCAATTCCTCTTCTGACAACATACCCATGACCAACCTCCTACTCCTCATTGGCATTCCAATCGCAATGGCATTCCT
SRR4420340.2701	3308T_G_neg	AACATACCC	+	2589	2597	AACATACCC
SRR4420340.2701	3308T_G_neg_50bp	[ATCG]{50}AACATACCC[ATCG]{50}	+	2539	2647	TAATCGCATAAACTTAAACTTTACAGTCAGGTTCAATTCCTCTTCTTAACAACATACCCATGGCCAACCTCCTACTCCTCAATTGGCGGTCGGATCGCAATGGCATTCC
SRR4420340.2712	3308T_G_neg_50bp	[ATCG]{50}AACATACCC[ATCG]{50}	+	2630	2738	TACACGCATAAACTTAAAATTTACAGTCAGAGGTTCAATTCCTTCTTAACAACATACCCATGGGGACCTCCTACTCCTCAGGGTTACCCATTCTAATCTCGCAATGGCA
SRR4420340.2712	3308T_G_neg	AACATACCC	+	2680	2688	AACATACCC
SRR4420340.2713	3308T_G_neg	AACATACCC	+	2662	2670	AACATACCC
SRR4420340.2713	3308T_G_neg_50bp	[ATCG]{50}AACATACCC[ATCG]{50}	+	2612	2720	CCGCATAAAAACTTAAAACTTTACAGTCAGAGTTCATGGTTCCTCTTAACAACATACCCATGGATCTCCTACTCCTCATTGGCCCATTGCTAATCGCATGGCATTCCGT
SRR4420340.2714	3308T_G_neg	AACATACCC	+	1776	1784	AACATACCC
SRR4420340.2714	3308T_G_neg	AACATACCC	+	2705	2713	AACATACCC
SRR4420340.2714	3308T_G_neg_50bp	[ATCG]{50}AACATACCC[ATCG]{50}	+	1726	1834	TTCTCCTCCGCATAAGCCTGCGTCAGATTAAAAACACTGAACTGACAATTAACATACCCAATATCTACAATCAACCAACAAGTTGATTATTACCCTCACTGTCAACCCA
SRR4420340.2714	3308T_G_neg_50bp	[ATCG]{50}AACATACCC[ATCG]{50}	+	2655	2763	AACTTAAAACTTTACACAGTCACCCTGTCCACCGATTCCTCTTTCTTAACAACATACCCGAGCCTGGCCAACCTCCCTACTCCTCATTGGCCCATTTTCTAATCGCAAT
SRR4420340.2717	3308T_G_neg	AACATACCC	+	2606	2614	AACATACCC
SRR4420340.2717	3308T_G_neg_50bp	[ATCG]{50}AACATACCC[ATCG]{50}	+	2556	2664	ATCGCATAAAAACTTAAATTTACCGTCAGGGTTCAATTCCTCTTCTTAACAACATACCCATGGCCAACCTCCTACTCCTCATTGACCCATTCTAATCTAATGGCATTCC
SRR4420340.2726	3308T_G_neg	AACATACCC	+	2575	2583	AACATACCC
SRR4420340.2726	3308T_G_neg_50bp	[ATCG]{50}AACATACCC[ATCG]{50}	+	2525	2633	ATCGCATAAAACTTAAAACTTTACAGTCAGAGGTTCAATTCCTCTTTAACAACATACCCGAGTCTCAACCTCCTACTCCTCATTGGCCCATTCTAATCGCAATGCATTC
SRR4420340.2727	3308T_G_neg	AACATACCC	+	2691	2699	AACATACCC
SRR4420340.2727	3308T_G_neg_50bp	[ATCG]{50}AACATACCC[ATCG]{50}	+	2641	2749	AATCGCATAAACTTAAAACTTTACAGTCAGAGGTTCGATTCCTTCTTAACAACATACCCATGGCCAACCTCCTACTCCTCATTGTACCCATTCTAATGCAATGCATTCC
SRR4420340.2728	3308T_G_neg	AACATACCC	+	2581	2589	AACATACCC
SRR4420340.2728	3308T_G_neg_50bp	[ATCG]{50}AACATACCC[ATCG]{50}	+	2531	2639	CCGCATAAACTTAAAACTTTACAGTCAGAGGTTCGATTCCTCTTCTTAACAACATACCCATGGCCAACCTCCTACTCCTCATTGTACCCATTCTAATCGCAATGGCATT
SRR4420340.2732	3308T_G_neg	AACATACCC	+	2612	2620	AACATACCC
SRR4420340.2732	3308T_G_neg_50bp	[ATCG]{50}AACATACCC[ATCG]{50}	+	2562	2670	AATCGCATAAACTTAAACTTTACAGTCAGAGGTTCAATTCCCTTCTTAACAACATACCCATGGCCAACCTCCTACTCCTCATTGTACCCATTCTAATCGCAATGGCATT
SRR4420340.2735	3308T_G_neg	AACATACCC	+	2637	2645	AACATACCC
SRR4420340.2735	3308T_G_neg_50bp	[ATCG]{50}AACATACCC[ATCG]{50}	+	2587	2695	CATAAAACTTAAAACTTTACCAGTCAGAGGTTCAATTCCTCTTCTTAGACAACATACCCATGGCCAACCTCCTACTCCTCATTGTACCCATTCTAATCGCAATGGCATT
SRR4420340.2740	3308T_G_neg	AACATACCC	+	2624	2632	AACATACCC
SRR4420340.2740	3308T_G_neg_50bp	[ATCG]{50}AACATACCC[ATCG]{50}	+	2574	2682	TCGCATAAAACTTAAACTTTACAGTCAGAGGTTCAATTCCTCGTCTTAACAACATACCCATGACCAACCTCCTACTCCTCATTGGCCCAGGTTCTAATCGCAATGGCAT
SRR4420340.2743	3308T_G_neg	AACATACCC	+	2759	2767	AACATACCC
SRR4420340.2743	3308T_G_neg_50bp	[ATCG]{50}AACATACCC[ATCG]{50}	+	2709	2817	CATAAAACTTAAAAATGTCAGTCAGAGGTTTAATTTCCCTCTTTATTAACAACATACCCATGGCCAACTCTCCTACTCCTCATTGTACCCATTCAATCGCAATGGCATT
SRR4420340.2744	3308T_G_neg	AACATACCC	+	2734	2742	AACATACCC
SRR4420340.2744	3308T_G_neg_50bp	[ATCG]{50}AACATACCC[ATCG]{50}	+	2684	2792	ATAAACTTAAAACTTTGTACAGTCAGAGGTTCAATTCCTCTTCTTATAACAACATACCCATGGCCATCTCCTACTCCTCATTGTACCCATTCTAATGGCAATGGCATTC
SRR4420340.2748	3308T_G_neg	AACATACCC	+	5235	5243	AACATACCC
SRR4420340.2748	3308T_G_neg_50bp	[ATCG]{50}AACATACCC[ATCG]{50}	+	5185	5293	AGCTGCTTCTTCGAATTTGCATTCAATATGCAAATGAGCGCCTACTCCCCAACATACCCTAATTCTTTTAGATTTGGAGCGTGCATGCTTCCAGCCATTTTACCTCACC
SRR4420340.2752	3308T_G_neg	AACATACCC	+	2661	2669	AACATACCC
SRR4420340.2752	3308T_G_neg_50bp	[ATCG]{50}AACATACCC[ATCG]{50}	+	2611	2719	CGCATAAAACTTAAAACTTTACAGTCAGAGGTTCAATTCCTTTGCGTAACAACATACCCATGGCCAACCTCCTACTCCTCATTGGGATGTCGGATCGCAATGGCATGTC
SRR4420340.2760	3308T_G_neg	AACATACCC	+	2603	2611	AACATACCC
SRR4420340.2760	3308T_G_neg_50bp	[ATCG]{50}AACATACCC[ATCG]{50}	+	2553	2661	TCGCATAAACTTAAAACTTTACAGTCAGAGGTTCAATTCCTCTTCTTAACAACATACCCATGGCCAACCTCCTACTCCTCATTGTACCCATTCTAATCGCAATGGCAGT
SRR4420340.2764	3308T_G_neg	AACATACCC	+	2638	2646	AACATACCC
SRR4420340.2764	3308T_G_neg_50bp	[ATCG]{50}AACATACCC[ATCG]{50}	+	2588	2696	CGCATAAACGACTTAAAACTTTACAGTCAGAGGTTCAATTCCTCTTTAACAACATACCCATGGCCAACCTCCTACTCCTCATCGTACCCATTCTAATCGCAATCGAGCA
SRR4420340.2765	3308T_G_neg	AACATACCC	+	2604	2612	AACATACCC
SRR4420340.2765	3308T_G_neg_50bp	[ATCG]{50}AACATACCC[ATCG]{50}	+	2554	2662	GCAGACAACTTAAAAATTTGGACAGTCAGAGGTTCACAGTTCCTCTTTGCAACATACCCATGGCCAACCTCCTACTCCTCATTGTACCCATTCTAATCGCATGGCATTC
SRR4420340.2767	3308T_G_neg	AACATACCC	+	2590	2598	AACATACCC
SRR4420340.2767	3308T_G_neg_50bp	[ATCG]{50}AACATACCC[ATCG]{50}	+	2540	2648	CGCATAAACGTAAAGCTTTACAGTCAGAGGTTCAAATTCCTCTTCTTGACAACATACCCATGGCCAACCTCCCTCCTCATTGGCCCAGGTTTCTAATCGCAATGCATTC
SRR4420340.2775	3308T_G_neg	AACATACCC	+	2672	2680	AACATACCC
SRR4420340.2775	3308T_G_neg_50bp	[ATCG]{50}AACATACCC[ATCG]{50}	+	2622	2730	ATCGCATAAAACTTAAAACTTTACAGTCAGAGGTTCAATTCCTCTTTCTTAACATACCCATGGCCAACCTCCTACTCCTCATTGGCACTGTCTAATCGCAATGGCATTC
SRR4420340.2779	3308T_G_neg_50bp	[ATCG]{50}AACATACCC[ATCG]{50}	+	2561	2669	GCATAAATTTGAAACTTCTAAAGTTAAGAGGTTTAGTTCCTCTTCTTAACAACATACCCATGGCCAACTACTACTCCTCATTGTACCCATTCTAATGCAATGGCTTTAA
SRR4420340.2779	3308T_G_neg	AACATACCC	+	2611	2619	AACATACCC
SRR4420340.2791	3308T_G_neg_50bp	[ATCG]{50}AACATACCC[ATCG]{50}	+	2652	2760	CAACAACCTTAAAACTTTGTACAGTCACTAAGGTTCAATTCCTTCTTAACAACATACCCATGGCCAACCTCCTACTCCTCATTGGTACCCATTCCTAATCGCAATGGCA
SRR4420340.2791	3308T_G_neg	AACATACCC	+	2702	2710	AACATACCC
SRR4420340.2794	3308T_G_neg	AACATACCC	+	2659	2667	AACATACCC
SRR4420340.2794	3308T_G_neg_50bp	[ATCG]{50}AACATACCC[ATCG]{50}	+	2609	2717	ATAACAACTTAAAACTTTACAGTCAGAGGTTCGACTTTCCTCTTCTTAACAACATACCCGTATGAACCTCCTACTCCTCATTGGCCCGTTACTCTAATGCAATTGGCTT
SRR4420340.2797	3308T_G_neg	AACATACCC	+	2617	2625	AACATACCC
SRR4420340.2797	3308T_G_neg_50bp	[ATCG]{50}AACATACCC[ATCG]{50}	+	2567	2675	ATCGCATAAAACTTAAACTTTACAGTCAGAGGTTCAATTCCTCTTCTGACAACATACCCATGATACACTCCTCATTGGCCTACATTTGGATCGCAATGGCATTCCCTAA
SRR4420340.2804	3308T_G_neg	AACATACCC	+	2626	2634	AACATACCC
SRR4420340.2804	3308T_G_neg_50bp	[ATCG]{50}AACATACCC[ATCG]{50}	+	2576	2684	CGCATAAAACTGCGGACTTTACAGTCCGAGTCAGTTCACTCCTTCTTAACAACATACCCCATGGCCATCTCCTACTCCTCATTGGCCCGGTTTCGATCGCAAATGGCAT
SRR4420340.2805	3308T_G_neg	AACATACCC	+	2614	2622	AACATACCC
SRR4420340.2805	3308T_G_neg_50bp	[ATCG]{50}AACATACCC[ATCG]{50}	+	2564	2672	GGTAATCGCATAAACTTAAAACTTTACCGTCAGGTTCAATTCCTCTTCTTAACATACCCGGCCGCTGACCTCCTACTCCTCATTGTATACCCATTTACGGATCGCGGTT
SRR4420340.2839	3308T_G_neg	AACATACCC	+	2558	2566	AACATACCC
SRR4420340.2839	3308T_G_neg_50bp	[ATCG]{50}AACATACCC[ATCG]{50}	+	2508	2616	GGTAAGCATAAAACTTAAACTTTACAGTCAGGGTTCAATTCCTCTTTAACAACATACCCATGGCCAACCTCCTACTCCTCATTGTACCCATTCTAATGCAATGGCATTC
SRR4420340.2842	3308T_G_neg	AACATACCC	+	2626	2634	AACATACCC
SRR4420340.2842	3308T_G_neg_50bp	[ATCG]{50}AACATACCC[ATCG]{50}	+	2576	2684	CATAAACTTTAAAAACTTTACAGTCAGAGGTTCAATTCCTCTTTCTTAACAACATACCCATCAAGCTCCTACTCCTCATTGTGACGCATTCTAATGCAATGGCATTCCT
SRR4420340.2844	3308T_G_neg	AACATACCC	+	2716	2724	AACATACCC
SRR4420340.2844	3308T_G_neg_50bp	[ATCG]{50}AACATACCC[ATCG]{50}	+	2666	2774	CAAAACTTAAACTTTACCGTCAGAGGTTCGATTTCCTCTTGCCCTGTAACAACATACCCATGGCCAACCTCCTACTCCTCATTGTACCCGTTCTCTAATCGCAATGGCA
SRR4420340.2854	3308T_G_neg	AACATACCC	+	2650	2658	AACATACCC
SRR4420340.2854	3308T_G_neg_50bp	[ATCG]{50}AACATACCC[ATCG]{50}	+	2600	2708	GCATAAACTTAAACTTTACAGTTATAAGGCTACGTAAGTTCCTCTTTAACAACATACCCATGGTACAACCTCCTACTCCTCATTGTACCCATTTGGATCGCAATGGCAT
SRR4420340.2855	3308T_G_neg	AACATACCC	+	2613	2621	AACATACCC
SRR4420340.2855	3308T_G_neg_50bp	[ATCG]{50}AACATACCC[ATCG]{50}	+	2563	2671	ATCGCATAAACTTAAAACTTTACAGTCGAGGTTCAATTCCTCTTCTTAACAACATACCCATGGCCAACCTCCTACTCCTCATTGTACCCAGTCGCGCATCGCAAGGTGC
SRR4420340.2866	3308T_G_neg	AACATACCC	+	2614	2622	AACATACCC
SRR4420340.2866	3308T_G_neg_50bp	[ATCG]{50}AACATACCC[ATCG]{50}	+	2564	2672	CGCATAGACTTAGACTTTACCGTCAGAGGTTCAGATTTCCTCTTCTTAACAACATACCCATCACAACCCCTACTCCCACCTGTGACCCATTCGGATCGCAATGGCATTC
SRR4420340.2867	3308T_G_neg	AACATACCC	+	2716	2724	AACATACCC
SRR4420340.2867	3308T_G_neg_50bp	[ATCG]{50}AACATACCC[ATCG]{50}	+	2666	2774	ATCGCATAAACTTAAACTTTACAGTCAGAGGTTCAATTCCTCTTCTTAACAACATACCCATGGCCAACCTCCTACTCCTCATTGACCCATTCTAATCGCAATGGCATTC
SRR4420340.2869	3308T_G_neg	AACATACCC	+	2589	2597	AACATACCC
SRR4420340.2869	3308T_G_neg_50bp	[ATCG]{50}AACATACCC[ATCG]{50}	+	2539	2647	CGCATAAAACTTAAAACTTTACAGTCAGAGGTTCAATTCCTCTTCTTGACAACATACCCATGGCCAACCTCCTACTCCTCATTGGAGCATTCTAATCGCAATGGCATTC
SRR4420340.2877	3308T_G_neg	AACATACCC	+	2605	2613	AACATACCC
SRR4420340.2877	3308T_G_neg_50bp	[ATCG]{50}AACATACCC[ATCG]{50}	+	2555	2663	GCGTTACGCATAAACTTAAAACTTTAAGTCAGTGTTCACTCCTTCTTAACAACATACCCATGGCCAACCTCCTACTCCTCATTGTACCCATTCGCAATCGCAATGTGCA
SRR4420340.2881	3308T_G_neg_50bp	[ATCG]{50}AACATACCC[ATCG]{50}	+	2617	2725	TCGCATAAACTTAAAACTTTACAGTCAGAGGTTCAATTCCTCTTCTTAACAACATACCCATGGCCAACCTCCTACTCCTCATTGGCCCATTCTAATCGCAATGGCATTC
SRR4420340.2881	3308T_G_neg	AACATACCC	+	2667	2675	AACATACCC
SRR4420340.2885	3308T_G_neg	AACATACCC	+	2674	2682	AACATACCC
SRR4420340.2885	3308T_G_neg_50bp	[ATCG]{50}AACATACCC[ATCG]{50}	+	2624	2732	TCGCAGCAAACTTAAAACTTTACAGTCATAGAGGTTCAATTCTTCTTAACAACATACCCATGGCCAACCTCCTACTCCCATTGGCCGATTCTAATCGCATGCATTCCTA
SRR4420340.2891	3308T_G_neg	AACATACCC	+	2633	2641	AACATACCC
SRR4420340.2891	3308T_G_neg_50bp	[ATCG]{50}AACATACCC[ATCG]{50}	+	2583	2691	CGCATAAATTGAGGTGAACTTTACAGTCAGAGGTTCAATTCCTCTTTAACAACATACCCATGGCCAACCTCCTACTCCTCATTGTGTACCCATTCTAATCGCAATGGCA
SRR4420340.2892	3308T_G_neg	AACATACCC	+	2695	2703	AACATACCC
SRR4420340.2892	3308T_G_neg_50bp	[ATCG]{50}AACATACCC[ATCG]{50}	+	2645	2753	CGCATAAAACTTAAAACTTTACAGTCAGAGTTCAATTTCCTCTTCTTAACAACATACCCATGGCCAACCTCCTACTCCTCATTGGTACCCATTCTAATCGCAATGGCAT
SRR4420340.2900	3308T_G_neg	AACATACCC	+	2596	2604	AACATACCC
SRR4420340.2900	3308T_G_neg_50bp	[ATCG]{50}AACATACCC[ATCG]{50}	+	2546	2654	TAATCGCATAAACTGAACTTTACAGTCAGAGGTTCAATTCCTCTTCTGACAACATACCCATGGCCAACCTCCTACTCCTCATTGTACCCATTCTAATCGCAATGGCATT
SRR4420340.2902	3308T_G_neg	AACATACCC	+	2678	2686	AACATACCC
SRR4420340.2902	3308T_G_neg_50bp	[ATCG]{50}AACATACCC[ATCG]{50}	+	2628	2736	AATGCATAAAACTTAAACTTTACAGTCAGGTTCTAATTCCTCTCTTTAACAACATACCCATGGCCAGACCTCCTACTCCTCATTGGCCCATTCCGTACGCAATGGCATT
SRR4420340.2903	3308T_G_neg	AACATACCC	+	2743	2751	AACATACCC
SRR4420340.2903	3308T_G_neg_50bp	[ATCG]{50}AACATACCC[ATCG]{50}	+	2693	2801	CATAAAACTTAAAACTTTACAGTCACAGAGTTCAATTTCCTCTTCTTAACAACATACCCATGGCCAACCTCCTACTCCTCATTTGGCCCAGTCGGATGCATTCAATGGC
SRR4420340.2904	3308T_G_neg	AACATACCC	+	2693	2701	AACATACCC
SRR4420340.2904	3308T_G_neg_50bp	[ATCG]{50}AACATACCC[ATCG]{50}	+	2643	2751	CATATAAAACTTAAATTACAGTCATAGAGGTTCTAATTCCTCTTCTTAACAACATACCCATGGCCAACTCCCTACTCCTCATTGTAGCGATTCTAATCGCAATGCATTC
SRR4420340.2905	3308T_G_neg	AACATACCC	+	2541	2549	AACATACCC
SRR4420340.2905	3308T_G_neg_50bp	[ATCG]{50}AACATACCC[ATCG]{50}	+	2491	2599	TAGTACGCACTAACCGACTTTACAGTCAGAGTTCAATTCCTCTTCTTAACAACATACCCATGGCCAACCTCCTACTCCTCATTGGCCCATTCTAATCGCAATGGCATTC
SRR4420340.2906	3308T_G_neg	AACATACCC	+	2658	2666	AACATACCC
SRR4420340.2906	3308T_G_neg_50bp	[ATCG]{50}AACATACCC[ATCG]{50}	+	2608	2716	ATCGCATAAAACTTAAAACTTTACAGTCAGAGGTTCAATTCCTTCTTAACAACATACCCATGGATACTCACTCCTCATTGTACCCATTCGATCGCAATGGCATTTCATT
SRR4420340.2912	3308T_G_neg	AACATACCC	+	2598	2606	AACATACCC
SRR4420340.2912	3308T_G_neg_50bp	[ATCG]{50}AACATACCC[ATCG]{50}	+	2548	2656	ATCGCATAAACTTAAAACTTTACAGTCATAGAGTTCAATTCCTCCTTAACAACATACCCATGGCCAACCTCCTACTCCTCATTGTACCCATTCTAATCGCAATGGCATT
SRR4420340.2914	3308T_G_neg	AACATACCC	+	2738	2746	AACATACCC
SRR4420340.2914	3308T_G_neg_50bp	[ATCG]{50}AACATACCC[ATCG]{50}	+	2688	2796	CATAAAACTTAAAAACTTTACAGTCATAGAGGTTCAATTCCTCTTCTGACAACATACCCATGGCCAATATCCTACTCCTCATTGTACCCATTCTAATCGCAATGGATTC
SRR4420340.2916	3308T_G_neg	AACATACCC	+	2583	2591	AACATACCC
SRR4420340.2916	3308T_G_neg_50bp	[ATCG]{50}AACATACCC[ATCG]{50}	+	2533	2641	TCGCATAAACTTAAAACTTTACAGTCAGAGGTTCAATTCCTCTTCTTAACAACATACCCTATCAACCTCCTACTCCTCATTACCAGGTTCTAATGCTAATGGCAGTTTC
SRR4420340.2917	3308T_G_neg	AACATACCC	+	2679	2687	AACATACCC
SRR4420340.2917	3308T_G_neg_50bp	[ATCG]{50}AACATACCC[ATCG]{50}	+	2629	2737	ATCGCATAAACTTAAAACTTTACAGTCAGAGGTTCAATTCCTTCTCTAACAACATACCCATGGCCAACCTCCTACTCCTCATTGTACCCATTCTAATTGGAATGGCATT
SRR4420340.2918	3308T_G_neg_50bp	[ATCG]{50}AACATACCC[ATCG]{50}	+	4561	4669	CACCCCCATCTAACGGTGGGTGGACTATTGACACCCTAATCCCTCATCCTAACATACCCAATATCCTACTAACGTAAAATAAAATGACAGTTGAACATACAAACCCACC
SRR4420340.2918	3308T_G_neg	AACATACCC	+	4611	4619	AACATACCC
SRR4420340.2920	3308T_G_neg	AACATACCC	+	2576	2584	AACATACCC
SRR4420340.2920	3308T_G_neg_50bp	[ATCG]{50}AACATACCC[ATCG]{50}	+	2526	2634	CGCATAAAACTTAAAACTTTACAGTCAGAGGTTCAATTCCTCTTCTTAACAACATACCCATGGATACTCTACTCCTCATTGTACCCATGTCTCGTACGCAATGGCATTC
SRR4420340.2930	3308T_G_neg	AACATACCC	+	2608	2616	AACATACCC
SRR4420340.2930	3308T_G_neg_50bp	[ATCG]{50}AACATACCC[ATCG]{50}	+	2558	2666	CGCATAAAACTTAAAACTTTACAGTCAGAGGTTCAATTCCTCTTCTTAACAACATACCCGGGCCAACCTCCTACTCCTCATTGTACCCATGTTCTAATCTCAATGGCAT
SRR4420340.2934	3308T_G_neg	AACATACCC	+	2802	2810	AACATACCC
SRR4420340.2934	3308T_G_neg_50bp	[ATCG]{50}AACATACCC[ATCG]{50}	+	2752	2860	ATCGCATAAACTTAAAACTTTACAGTCAGAGGTTCAATTCTCTTCTTAACAACATACCCGGCCAACCTCCTACTCCTCGTTGTACCCATTCTAATCGCAATGGCATTCC
SRR4420340.2938	3308T_G_neg	AACATACCC	+	2531	2539	AACATACCC
SRR4420340.2938	3308T_G_neg_50bp	[ATCG]{50}AACATACCC[ATCG]{50}	+	2481	2589	CGCATAAACTTAAAAACTTTACAGTCAGAGGTTCAATTCCTCTTCTTAACAACATACCCATGGCCATCGCCTCGGCTCCTCATTGTACCCATTCTAATGCATAATGGCA
SRR4420340.2939	3308T_G_neg	AACATACCC	+	2671	2679	AACATACCC
SRR4420340.2939	3308T_G_neg_50bp	[ATCG]{50}AACATACCC[ATCG]{50}	+	2621	2729	CGCATAAAACTTAAAATTTACAGTCAGAGGTTCAATTCTGGGTTCTTAACAACATACCCATGGCCAACCTCCTACTCCTCATTGTACCCATTCCGATGCAATGGCATTC
SRR4420340.2943	3308T_G_neg	AACATACCC	+	2627	2635	AACATACCC
SRR4420340.2943	3308T_G_neg_50bp	[ATCG]{50}AACATACCC[ATCG]{50}	+	2577	2685	AATCGCATAAATGCAAAACTTTACCAGTCAGAGTTCAATTCCTTCTTAACAACATACCCATATCATACACCTCCTACTCCTCATTGTACCCATTAATGCAATGGCATTT
SRR4420340.2944	3308T_G_neg	AACATACCC	+	2624	2632	AACATACCC
SRR4420340.2944	3308T_G_neg_50bp	[ATCG]{50}AACATACCC[ATCG]{50}	+	2574	2682	CGCATAAAACTTAAAACTTTACAGTCAGAGGTTCAATTCCTCTTCTTAACAACATACCCATGGCCAACCTCCTACTCCTCATTGACCCATTCTAATCGCAATGGCATTC
SRR4420340.2949	3308T_G_neg	AACATACCC	+	2653	2661	AACATACCC
SRR4420340.2949	3308T_G_neg_50bp	[ATCG]{50}AACATACCC[ATCG]{50}	+	2603	2711	TCGCATAAACTTAAAACTTTACAGTCAGAGGTCCAATTCCTCTTCTTAACAACATACCCATGACCAACCTCCTACTCCTCATTGGCGGCTTCAATCGCAATGGCATTCC
SRR4420340.2950	3308T_G_neg	AACATACCC	+	2690	2698	AACATACCC
SRR4420340.2950	3308T_G_neg_50bp	[ATCG]{50}AACATACCC[ATCG]{50}	+	2640	2748	ATGCATAAACTTAAAACTTTACAGTCAGAGGTTCAATTCCTCTTCTTAACAACATACCCGAGTACAACCTCCTACTCCTCATTGGGATTCTAAATCGCAAATGGCATTC
SRR4420340.2952	3308T_G_neg	AACATACCC	+	5565	5573	AACATACCC
SRR4420340.2952	3308T_G_neg_50bp	[ATCG]{50}AACATACCC[ATCG]{50}	+	5515	5623	TCTACAACGTTATCGTCACAGCCCATGCATTTGGCATAATTTCTTCAGCTAACATACCCATCATAATCGGAGGCTTTAGCAACTGACTAGTTCCTAATAAATCGGTGCC
SRR4420340.2955	3308T_G_neg	AACATACCC	+	2594	2602	AACATACCC
SRR4420340.2955	3308T_G_neg_50bp	[ATCG]{50}AACATACCC[ATCG]{50}	+	2544	2652	GAGACTAAACTTAAAACTTTACAGTCAGAGGTTCAATTCCTCTTCTTAACAACATACCCATGTAAGACTTCCTACTCCTCATTGTACCCATTCTAATCGCAATGGCATT
SRR4420340.2957	3308T_G_neg_50bp	[ATCG]{50}AACATACCC[ATCG]{50}	+	2503	2611	TCGCATAAACTTAAAACTTTACAGTCAGAGGTTCAATTCCTCTTCTTAACAACATACCCATGGCCAACCTCCTACTCCTCATTGTACCCATTCTAATGCAAGTGGCGGT
SRR4420340.2957	3308T_G_neg	AACATACCC	+	2553	2561	AACATACCC
SRR4420340.2958	3308T_G_neg	AACATACCC	+	2666	2674	AACATACCC
SRR4420340.2958	3308T_G_neg_50bp	[ATCG]{50}AACATACCC[ATCG]{50}	+	2616	2724	CCGCAGGTAAACTTAAAACTTTACAGTCAGAGGTTCAATTCCTCTTTAACAACATACCCCGGGCCAACCTCCTACTCCTCATTGTACCCCATTCTAATCGCAATGGCTT
SRR4420340.2960	3308T_G_neg	AACATACCC	+	2571	2579	AACATACCC
SRR4420340.2960	3308T_G_neg_50bp	[ATCG]{50}AACATACCC[ATCG]{50}	+	2521	2629	GCATAAAACTTAAAACTTTACAGTTACGAGGTTCGATTCCTCTTCTCAACAACATACCCATGTAAGCTCCTACTCCTCATGTACCCATTCTAAACCGCAATGGCATCCT
SRR4420340.2961	3308T_G_neg	AACATACCC	+	2475	2483	AACATACCC
SRR4420340.2961	3308T_G_neg_50bp	[ATCG]{50}AACATACCC[ATCG]{50}	+	2425	2533	CGCAGATAAACTTAAACTTTACAGTCAGAGGTTCAATTCCTCTTCTTAACAACATACCCATCAACCTCCTACTCCTCATTGTACCCATTCTAATCGCAATGGCATTCCG
SRR4420340.2965	3308T_G_neg	AACATACCC	+	2517	2525	AACATACCC
SRR4420340.2965	3308T_G_neg_50bp	[ATCG]{50}AACATACCC[ATCG]{50}	+	2467	2575	AATCGCATAAACTTAAATTTACAGTCAGAGGTTCAATTCCTCTCTTTAACAACATACCCATGGCCAACCTCCTACTCCTCATTGTACCCATTCTAATCGCATGGCATTC
SRR4420340.2968	3308T_G_neg	AACATACCC	+	2804	2812	AACATACCC
SRR4420340.2968	3308T_G_neg_50bp	[ATCG]{50}AACATACCC[ATCG]{50}	+	2754	2862	ATATCCAAAACTGGTTAGCTACAGTCAGAGGTTCAATTCCTCTTCTTAACAACATACCCATGGCCAACCTCCTACTCCTCATTGTACCCATTCTAATCGCAATGGCATT
SRR4420340.2973	3308T_G_neg	AACATACCC	+	2467	2475	AACATACCC
SRR4420340.2973	3308T_G_neg_50bp	[ATCG]{50}AACATACCC[ATCG]{50}	+	2417	2525	TCGCATCAAACTTAAACTTTACAGTCAGAGGTTCAATTCCTCTTCTTAACAACATACCCATGGCCAACTCCCTACTCCTCATTGGATGCAATCGCAATGGCATTCCTAA
SRR4420340.2977	3308T_G_neg	AACATACCC	+	2443	2451	AACATACCC
SRR4420340.2977	3308T_G_neg_50bp	[ATCG]{50}AACATACCC[ATCG]{50}	+	2393	2501	ATCGCATAAACTTAAAACTTTACCGTCAGAGGTTCAATTCCTCTGTCCCTAACATACCCATGGCCAACCTACTCCTCATTGTACCCATTCTAATCGCAATGGCATTCCT
SRR4420340.2979	3308T_G_neg	AACATACCC	+	2465	2473	AACATACCC
SRR4420340.2979	3308T_G_neg_50bp	[ATCG]{50}AACATACCC[ATCG]{50}	+	2415	2523	CATAAACTTAAAACTTTACATAGTCACTAGGTTCAATTCCTCTTCTTAACAACATACCCATGGCCAACCTCCTACTCCTCATTGACCCATTCTAATCGCAATGGCATTC
SRR4420340.2984	3308T_G_neg	AACATACCC	+	2416	2424	AACATACCC
SRR4420340.2984	3308T_G_neg_50bp	[ATCG]{50}AACATACCC[ATCG]{50}	+	2366	2474	TAATCGCATAAACTTAAACTTTACAGTCAGAGGTTCAATTCCTTCTTAACAACATACCCATGGCCAACCCTACTCCATTGTACCCATGCAATCGCAATGGCATTCCACT
SRR4420340.2987	3308T_G_neg	AACATACCC	+	2610	2618	AACATACCC
SRR4420340.2987	3308T_G_neg_50bp	[ATCG]{50}AACATACCC[ATCG]{50}	+	2560	2668	CATAAAACTTAAATTTTACATTGTCAGAGGTTCAATTCCTCGTGCGTAACAACATACCCAGCTGACCATCCTACTCCTCATTACCCATTTCGGATCTTACGAGTGGCAT
SRR4420340.2989	3308T_G_neg_50bp	[ATCG]{50}AACATACCC[ATCG]{50}	+	2332	2440	ATCGCATAAAACTTAAAACTTTACAGTCAGGTTCAATTCCTCTTCTTAACAACATACCCATGGCCAACCTACTCTCCTCATTGGCCCATTCTAATCGCAATGGCATTTT
SRR4420340.2989	3308T_G_neg	AACATACCC	+	2382	2390	AACATACCC
SRR4420340.2993	3308T_G_neg	AACATACCC	+	2244	2252	AACATACCC
SRR4420340.2993	3308T_G_neg_50bp	[ATCG]{50}AACATACCC[ATCG]{50}	+	2194	2302	TCGCATAAAACTTAAAACTGATTACGTCATGTCGATTCCTTCTTAACAACAACATACCCATGGCCAGACTCCCTACTCCTCATTACCCATTCTAATCGCAATGGCATCT
SRR4420340.2994	3308T_G_neg	AACATACCC	+	2308	2316	AACATACCC
SRR4420340.2994	3308T_G_neg_50bp	[ATCG]{50}AACATACCC[ATCG]{50}	+	2258	2366	AATCGCATAAAACTTAAACTTTACAGTCAGAGTTCAATTCTCTTCTTAACAACATACCCATGGCCAACCTCCTACTCCATTGTACCAGGTTCTAATCGCAATGGCATTC
SRR4420340.2997	3308T_G_neg	AACATACCC	+	2216	2224	AACATACCC
SRR4420340.2997	3308T_G_neg_50bp	[ATCG]{50}AACATACCC[ATCG]{50}	+	2166	2274	ATACGCATAAAACTTAAACGTCAGTCAGAGGTTCAATTCCTCTTCTTAACAACATACCCATGGCCAAATACCTCCTACTCCTCATTGTACCCATTCTAATGCAATGGCA
SRR4420340.2999	3308T_G_neg	AACATACCC	+	2112	2120	AACATACCC
SRR4420340.2999	3308T_G_neg_50bp	[ATCG]{50}AACATACCC[ATCG]{50}	+	2062	2170	ATCGCATAAACTTAAAACTTTACCAGTCAGAGGTTCAATTCCTTCTTAACAACATACCCATGGATACTGGTACTCCTCATTACCCATTCGATCGCAATGGCATTCCAAG
SRR4420340.3001	3308T_G_neg_50bp	[ATCG]{50}AACATACCC[ATCG]{50}	+	993	1101	ACCCATAGTAGGCCTAAAAGCAGCCACCATTAAGAAAGCGTTTATAAGGTAACATACCCACTACCTAAAAATCCCAAACATACCAATTAGCCACACCCAATTGGACCAA
SRR4420340.3001	3308T_G_neg_50bp	[ATCG]{50}AACATACCC[ATCG]{50}	+	2099	2207	TCGCATAAAACTTAAAACTTTACAGTCAGAGGTTCATTCCTCTTCTTAACAACATACCCATGGCCAACCTCCTACTCCCCCCTTGTACCCATTTGGGACTGCAATGGCA
SRR4420340.3001	3308T_G_neg	AACATACCC	+	1043	1051	AACATACCC
SRR4420340.3001	3308T_G_neg	AACATACCC	+	2149	2157	AACATACCC
SRR4420340.3003	3308T_G_neg	AACATACCC	+	1952	1960	AACATACCC
SRR4420340.3003	3308T_G_neg_50bp	[ATCG]{50}AACATACCC[ATCG]{50}	+	1902	2010	ATCGCATAAAACTTAAAACTTTACAGTCAGAGGTTCGATTCCTTCTTATAAACATACCCATCGACCTCCTCACTCCTCATTGGCCCATTCTAATCGCAATGCATTCCTA
SRR4420340.3004	3308T_G_neg	AACATACCC	+	2060	2068	AACATACCC
SRR4420340.3004	3308T_G_neg_50bp	[ATCG]{50}AACATACCC[ATCG]{50}	+	2010	2118	ATCGCATAAACTTAAACTTTACAGTCAGAGGTTCAATTCCTCTTCTTAACAACATACCCATATCTCAACCTCCTACTCCTCATTGTATCCATTCTAATTCGCAATGGCA
SRR4420340.3006	3308T_G_neg	AACATACCC	+	1906	1914	AACATACCC
SRR4420340.3006	3308T_G_neg_50bp	[ATCG]{50}AACATACCC[ATCG]{50}	+	1856	1964	GATCGCATAAACTTAAACTTTACAGTCACTAGGTTTGATTCCTCTTTAACAACATACCCATGGCCAACCTCCTACTCCTCATTGTACCCATTCTAACGCAATGGCATTC
SRR4420340.3008	3308T_G_neg	AACATACCC	+	1838	1846	AACATACCC
SRR4420340.3008	3308T_G_neg_50bp	[ATCG]{50}AACATACCC[ATCG]{50}	+	1788	1896	ATCGCATAAACTTAAAACTTTGAGTCAGAGGTTCAATTCCTCTTCTTAACAACATACCCGGGCCAACCTCCTACTCCTCATTGTACCCATCCTGTCTAATGCGACTGCA
SRR4420340.3009	3308T_G_neg	AACATACCC	+	1821	1829	AACATACCC
SRR4420340.3009	3308T_G_neg_50bp	[ATCG]{50}AACATACCC[ATCG]{50}	+	1771	1879	ATCGCATAAACTTAAAACTTTACAGTCAGAGGTCGATTCCTCTTCTTAACAACATACCCATGGGACCTCCTACTCCTCATTGTACCCATTCTAATCTCGCAATGGCATT
SRR4420340.3010	3308T_G_neg	AACATACCC	+	1767	1775	AACATACCC
SRR4420340.3010	3308T_G_neg_50bp	[ATCG]{50}AACATACCC[ATCG]{50}	+	1717	1825	CGCATAAACTTAAAAACTTTACAGTCACGAGTTCAATTCCTCTTCTTAACAACATACCCATGCTCAACCTCCCTACTCCTCATTGTACCCATTCGATCGCAATGGCATT
SRR4420340.3013	3308T_G_neg	AACATACCC	+	1584	1592	AACATACCC
SRR4420340.3013	3308T_G_neg_50bp	[ATCG]{50}AACATACCC[ATCG]{50}	+	1534	1642	TAATCGCATAAACTTAAAACTTTACAGTCAGGTTCAATTCCTCTTCTGACAACATACCCATGGCCAACCTCCTACTCCTCATTGGCGCATTCCAATCGCATGGCATTCC
SRR4420340.3016	3308T_G_neg	AACATACCC	+	1460	1468	AACATACCC
SRR4420340.3016	3308T_G_neg_50bp	[ATCG]{50}AACATACCC[ATCG]{50}	+	1410	1518	TCGCATAAACTTAAACTTTACAGTCAGAGGTTCAATTCCTCTTCTTAACTAACATACCCATGGCCAACCTCCTACTCCTCATTGGCCCATTCGATCGCAATGGCATTCC
SRR4420340.3019	3308T_G_neg	AACATACCC	+	1555	1563	AACATACCC
SRR4420340.3019	3308T_G_neg_50bp	[ATCG]{50}AACATACCC[ATCG]{50}	+	1505	1613	AACAAACTTAAACTTTACAGTCGACTAGGTTCAATTCCTCTTCTTGTAACAACATACCCATGGCCAACCTCCTACTCCTCATTGTACCCATTCTAATCGCAATGGCATC
SRR4420340.3021	3308T_G_neg	AACATACCC	+	1288	1296	AACATACCC
SRR4420340.3021	3308T_G_neg_50bp	[ATCG]{50}AACATACCC[ATCG]{50}	+	1238	1346	AATCGCATAAAAACTTAAACTTTACAGTCAGGTTCAATTCCTCTTCTAACAACATACCCATGGCCAACCTCCTACTCCTCATGCGGTCCCACTCTTACGCAATGGCATT
SRR4420340.3022	3308T_G_neg	AACATACCC	+	1605	1613	AACATACCC
SRR4420340.3022	3308T_G_neg_50bp	[ATCG]{50}AACATACCC[ATCG]{50}	+	1555	1663	CATAAAACTTAAAACTTTACAGCGTCAGAGGTTCAATTCCTCTTCTTAACAACATACCCATGGCCAACCTCGCCTACTCCTCATGTACCCATTCTGATCGCAATGATTC
SRR4420340.3023	3308T_G_neg	AACATACCC	+	1198	1206	AACATACCC
SRR4420340.3023	3308T_G_neg	AACATACCC	+	4187	4195	AACATACCC
SRR4420340.3023	3308T_G_neg_50bp	[ATCG]{50}AACATACCC[ATCG]{50}	+	1148	1256	ATGCATAAACTTAAAACTTTACAGTCAGAGGTTCAATTCCTCTTCTTAACAACATACCCATGGCCAGACCTCCTACTCCTCATTGGCCCATTCTAATGCAATGGCATTC
SRR4420340.3023	3308T_G_neg_50bp	[ATCG]{50}AACATACCC[ATCG]{50}	+	4137	4245	CTCCTCTGGCTCCCGCATCTGCTGTGGAGGCCGGAGCAGGAACCAGGTTGAACATACCCTTCCGTAAGCAGGGAACTACTCCACCTGGAGCTCTCCGTAGACCTAACCA
SRR4420340.3029	3308T_G_neg	AACATACCC	+	967	975	AACATACCC
SRR4420340.3029	3308T_G_neg_50bp	[ATCG]{50}AACATACCC[ATCG]{50}	+	917	1025	TTTAACAGTTGCCCAATCGATTCCTTATTCCTCTATTGTTGATCACTACTAACATACCCAATCACATCACATGATGATATGACACCCATTTGTACCCATCACCGCGTAC
SRR4420340.3037	3308T_G_neg	AACATACCC	+	596	604	AACATACCC
SRR4420340.3037	3308T_G_neg_50bp	[ATCG]{50}AACATACCC[ATCG]{50}	+	546	654	GCAGCAAAACTTAAACTTTAAGCGTCAGAGGTTCAATTCCTCTGTCCTCTAACATACCCATGGCCAACCTCGACCCTATTGATACCCATTCTAATCGCAATGGCATTCC
SRR4420340.3045	3308T_G_neg	AACATACCC	+	482	490	AACATACCC
SRR4420340.3045	3308T_G_neg_50bp	[ATCG]{50}AACATACCC[ATCG]{50}	+	432	540	AATCGCATAAACTTAAAACTTTACAGTCAGAGGTTCAATTCCTCTTTAACAACATACCCATGGCCAACCTCCTACTCCTCATTGGCCGATTAATCGCAATGGCATTCCC
SRR4420340.3046	3308T_G_neg	AACATACCC	+	295	303	AACATACCC
SRR4420340.3046	3308T_G_neg_50bp	[ATCG]{50}AACATACCC[ATCG]{50}	+	245	353	CGCATAAAACTTAAAACTTTACAGTCAGAGGTTCAATTCCTCTCTTTAACAACATACCCATGGCCAACCTCCTACTCCTCATTGTACCTCATTCTAATGGAGATCTGAT
SRR4420340.3050	3308T_G_neg_50bp	[ATCG]{50}AACATACCC[ATCG]{50}	+	162	270	AATCGCATAAAACTTAAAACTTTACAGTCAGAGGTTCAATTCCTCTTCTGAACATACCCATGGCCAACCTCCTACTCCTCATTGTACCCATTCTAATCGCAGTGGCATT
SRR4420340.3050	3308T_G_neg	AACATACCC	+	212	220	AACATACCC
SRR4420340.3093	3308T_G_neg	AACATACCC	+	3163	3171	AACATACCC
SRR4420340.3093	3308T_G_neg_50bp	[ATCG]{50}AACATACCC[ATCG]{50}	+	3113	3221	CAGATACCCACAACTCCGAACAACATATGACGCACTCTCCCACGCGGATCAACATACCCCAAGACCCTGGGTTCAACCTCCGTAGAGCCCCAAACTCGAACAGCATATT
SRR4420340.3819	3308T_G_neg	AACATACCC	+	164	172	AACATACCC
SRR4420340.3819	3308T_G_neg_50bp	[ATCG]{50}AACATACCC[ATCG]{50}	+	114	222	AGGCCTACCCGCCGCATGATACTGTACTTCTATTTCCTCCACTTATTCACAACATACCCATCAACAACCGACTAATTACCACCCAACAATGACTAATGAACTAACTCAA
SRR4420340.4189	3308T_G_pos	AACACACCC	+	439	447	AACACACCC
SRR4420340.4189	3308_T_G_pos_50bp	[ATCG]{50}AACACACCC[ATCG]{50}	+	389	497	ATTGGCGTCCGCTCTAAGATTAAATGCCCTAGCCCATTCTTACCACAAGCAACACACCCACCCCTTATCCCATACTAGTTATTATCGAAACCATCAGCCTACTCATTCA
SRR4420340.4526	3308T_G_neg	AACATACCC	+	24	32	AACATACCC
SRR4420340.6265	3308T_G_pos	AACACACCC	+	5788	5796	AACACACCC
SRR4420340.6265	3308_T_G_pos_50bp	[ATCG]{50}AACACACCC[ATCG]{50}	+	5738	5846	AATTAAAAAACTATTAAACCCATATAACCTCCCCAGAACTTCAGAATAATAACACACCCGACCACACCGCTAACAATGATACTAAACCCCCATAATAGGAAGGCTTAGA
SRR4420340.6266	3308T_G_pos	AACACACCC	+	4898	4906	AACACACCC
SRR4420340.6266	3308T_G_pos	AACACACCC	+	5623	5631	AACACACCC
SRR4420340.6266	3308_T_G_pos_50bp	[ATCG]{50}AACACACCC[ATCG]{50}	+	4848	4956	ATTTCCCCCATCCCCCTTCCAAACAACAATCCCCTCTACCTAAAACTCACAACACACCCCTCGCTGTCACTTCCTAGGATTCTAACACCTAGACCTCAACTACCTAACC
SRR4420340.6266	3308_T_G_pos_50bp	[ATCG]{50}AACACACCC[ATCG]{50}	+	5573	5681	TAAATTAAAACTATTAAACCCATATAACTCCCCCAAAATTCCAGAATAATAACACACCCGACCACACCGCTAACAATCACATACTAAACCCCATAAATAGGGAAGAGCG
SRR4420340.6269	3308T_G_pos	AACACACCC	+	1816	1824	AACACACCC
SRR4420340.6269	3308_T_G_pos_50bp	[ATCG]{50}AACACACCC[ATCG]{50}	+	1766	1874	CCTACTTGCCTAGAAGGAATAATTATCTATCAGAGTGTTCATTCGCTCTCAACACACCCACTCCCGCTTATACCAATATTGGGGTTGCCATACTAGTCTTGCCGCCTGC
SRR4420340.6281	3308T_G_pos	AACACACCC	+	5768	5776	AACACACCC
SRR4420340.6281	3308_T_G_pos_50bp	[ATCG]{50}AACACACCC[ATCG]{50}	+	5718	5826	AATAATTAAAACTATTAAACCCATATAACCTCCCCCAAATTCAGAATAATAACACACCCGACCACACCGCTAACAATCAATACTAAACCCCCATAAATAGAAGGCTTAG
SRR4420340.6282	3308T_G_pos	AACACACCC	+	5716	5724	AACACACCC
SRR4420340.6282	3308_T_G_pos_50bp	[ATCG]{50}AACACACCC[ATCG]{50}	+	5666	5774	ATAAATTAAAACTATTAAACCCATATAACCTCCCCAAAATTCAGAATAATAACACACCCGACCACCACCGCTAACAATGATACTAAACCCCCATAAATAGGAGAAGCCG
SRR4420340.6285	3308T_G_pos	AACACACCC	+	5612	5620	AACACACCC
SRR4420340.6285	3308_T_G_pos_50bp	[ATCG]{50}AACACACCC[ATCG]{50}	+	5562	5670	TAAATTAAAAACTTGATTAAACCCATAACCTCCCCCAAATTCAGAATAATAACACACCCGACCGCTAAACAATCAAGTAAACCCGATAAATAGGAGAAGGCTTAGAAGA
SRR4420340.6291	3308T_G_pos	AACACACCC	+	5711	5719	AACACACCC
SRR4420340.6291	3308_T_G_pos_50bp	[ATCG]{50}AACACACCC[ATCG]{50}	+	5661	5769	TAAATAATTAAAAACTATTAAAACCCATATACCGCGAAATTCAGAATAATAACACACCCAATACCGCCAACAAGTACGATGACGCATAAATAGGAGAAAGCGTAGAGGA
SRR4420340.6292	3308T_G_pos	AACACACCC	+	5727	5735	AACACACCC
SRR4420340.6292	3308_T_G_pos_50bp	[ATCG]{50}AACACACCC[ATCG]{50}	+	5677	5785	TTAAAAAACCTATTAAACCCATATAACCTCCGCAGAAAATTTAGAATAATAACACACCCGACCACACCCTAACAATGGATACTAAACCCCCAAATAGGCGAAGGCTTAG
SRR4420340.6295	3308T_G_pos	AACACACCC	+	5702	5710	AACACACCC
SRR4420340.6295	3308_T_G_pos_50bp	[ATCG]{50}AACACACCC[ATCG]{50}	+	5652	5760	AAATTAGGTACCTTAAACCCATATACATCTCCCCCAAAATTCAGAATAATAACACACCCGACCACCGCTAACAATGAACTACTAAACCCCATAATAGGAGAAGGCCTTA
SRR4420340.6297	3308T_G_pos	AACACACCC	+	5816	5824	AACACACCC
SRR4420340.6297	3308_T_G_pos_50bp	[ATCG]{50}AACACACCC[ATCG]{50}	+	5766	5874	TAGGAACTACTTAAAGTACCCGAGCCTCCCCCAAAAATTCGAATAATAATAACACACCCGACCACACGCTACGGATCAATACTAAAACCCCCATAAATAGGAGAAGGCT
SRR4420340.6299	3308T_G_pos	AACACACCC	+	5570	5578	AACACACCC
SRR4420340.6299	3308_T_G_pos_50bp	[ATCG]{50}AACACACCC[ATCG]{50}	+	5520	5628	AATAAATTAAAAACTATTAAACCCATATAACCTCCCCCAAAATTCAGAATAACACACCCGACCACCGCTGGATCAATACTAAACCCCATAAATAGGAGAAAGGCTTAGG
SRR4420340.6300	3308T_G_neg	AACATACCC	+	7918	7926	AACATACCC
SRR4420340.6300	3308T_G_neg_50bp	[ATCG]{50}AACATACCC[ATCG]{50}	+	7868	7976	ATTTCAAATTTTATCTTTTGGCGGTATGCACTTTCAGGCCTGCGTCACGCAACATACCCCTCCTTATTTCCCTATAGCCCGCCTGAGATAGATCCCTCCGCTCCCTCCG
SRR4420340.6304	3308_T_G_pos_50bp	[ATCG]{50}AACACACCC[ATCG]{50}	+	5642	5750	TAATGCCTAAACTATTAGACCCATATAACCTCCCCCAAATTCAGAATAATAACACACCCGACCAAGCTAAATGCATAGATCAAACCCCCATAAATAGGAGAAGGCTTAG
SRR4420340.6304	3308T_G_pos	AACACACCC	+	5692	5700	AACACACCC
SRR4420340.6306	3308T_G_pos	AACACACCC	+	5514	5522	AACACACCC
SRR4420340.6306	3308_T_G_pos_50bp	[ATCG]{50}AACACACCC[ATCG]{50}	+	5464	5572	TAGATTGACAAACTATTAAACCCATAACCTCCCCCAAAGTTCAGAATAATAACACACCCAATAGGGTAACAATCAATACTAAACCCCCATAATAGGAGAAGGCTGTAGA
SRR4420340.6307	3308T_G_pos	AACACACCC	+	5550	5558	AACACACCC
SRR4420340.6307	3308_T_G_pos_50bp	[ATCG]{50}AACACACCC[ATCG]{50}	+	5500	5608	CTAAATAATTAAACTATTAAACCCATAACCTCCCCCAAATTCAGAATAATAACACACCCGACCACACCGCTAACAATCAATACTAAACCCGAGTAGGAGAAGTGAGTGA
SRR4420340.6311	3308T_G_pos	AACACACCC	+	5651	5659	AACACACCC
SRR4420340.6311	3308_T_G_pos_50bp	[ATCG]{50}AACACACCC[ATCG]{50}	+	5601	5709	AATTAAAAATGGTCTAAACCCAGATAACCTCCCCCAAAATTCAGAATAATAACACACCCGACCACCGCTAACAATCAAGATACTAAACCCCCATAAATAGGAGAAGGCT
SRR4420340.6313	3308T_G_pos	AACACACCC	+	5763	5771	AACACACCC
SRR4420340.6313	3308_T_G_pos_50bp	[ATCG]{50}AACACACCC[ATCG]{50}	+	5713	5821	ATGCTAAAACTATTAAACCCAGGTCAACCTCCCCCAAAATTCAGAATAATAACACACCCGACCACACCGCTAACGGATCAATACTAAACCCCCATAAATAGGAGAAGGC
SRR4420340.6316	3308T_G_pos	AACACACCC	+	5573	5581	AACACACCC
SRR4420340.6316	3308_T_G_pos_50bp	[ATCG]{50}AACACACCC[ATCG]{50}	+	5523	5631	AAATTAAAAACTAATTAAACCGAGTAACCTCCCCCAAAGTTCCAAATAATAACACACCCAACAGCGCTAACAATCAATACTAAACCCCATAAATAGGAGAAGCCGTAGC
SRR4420340.6318	3308T_G_pos	AACACACCC	+	3544	3552	AACACACCC
SRR4420340.6318	3308_T_G_pos_50bp	[ATCG]{50}AACACACCC[ATCG]{50}	+	3494	3602	CTTAGGCCCCAAGAATTTTGGTGCACTCCAAATAAAGTAATAACCATGCTAACACACCCAACCACCTAGGACCCGCTAACTTCCTAATTCCCCATCCTTACCACCTCGA
SRR4420340.6333	3308T_G_pos	AACACACCC	+	5543	5551	AACACACCC
SRR4420340.6333	3308_T_G_pos_50bp	[ATCG]{50}AACACACCC[ATCG]{50}	+	5493	5601	TAAATAAATTAAACTATTAAACCATATAACCTCCCCCAAAATTCAGAATAAACACACCCGACCACCGCTAACAATCAATACTAAACCCCCATAAATAGGAGAACGGGCT
SRR4420340.6341	3308_T_G_pos_50bp	[ATCG]{50}AACACACCC[ATCG]{50}	+	5573	5681	AAATTAAAAACTATTAAACCATATAACCTCCCCCAAAATTCGAGAATAATAACACACCCAATAAGGGGCGGATCAAACTAAACCCCATAATAGGAGAAGGCTGTAGAAG
SRR4420340.6341	3308T_G_pos	AACACACCC	+	5623	5631	AACACACCC
SRR4420340.6342	3308T_G_pos	AACACACCC	+	5764	5772	AACACACCC
SRR4420340.6342	3308_T_G_pos_50bp	[ATCG]{50}AACACACCC[ATCG]{50}	+	5714	5822	AATAGAATCCGACCGTTAAACCCATATACTCCCCAAATGGTTAGAATAATAACACACCCAACGGGGACAACGATCAACTAAACCCCCATAAATAGGAGAAAGCCGTAGA
SRR4420340.6346	3308T_G_pos	AACACACCC	+	5686	5694	AACACACCC
SRR4420340.6346	3308_T_G_pos_50bp	[ATCG]{50}AACACACCC[ATCG]{50}	+	5636	5744	ATAAATTAAAAACTATTAAACCCAGGACCCTCCCCCAAATTCAGAATAATAACACACCCGACCACACCGCTAACAATGGATACCGAACCCCATAAATAGGAGAAGGCCG
SRR4420340.6350	3308T_G_neg	AACATACCC	+	7353	7361	AACATACCC
SRR4420340.6350	3308T_G_neg_50bp	[ATCG]{50}AACATACCC[ATCG]{50}	+	7303	7411	TAAGTGAACTGTATCCGACATCTGGAGTTCCTACTTCAGGGTTAAAGCCTAACATACCCCACACGTTCCCCTTAAATAAGACATCACGATGGATCACAGAGTTAGAGCT
SRR4420340.6350	3308T_G_pos	AACACACCC	+	5465	5473	AACACACCC
SRR4420340.6350	3308_T_G_pos_50bp	[ATCG]{50}AACACACCC[ATCG]{50}	+	5415	5523	AAATAATTAAACTATTAAACCCATATAACCTCCCCCAAAAATTCGATAATAACACACCCAACCACCGCTAACAGTGAATACTAAACCCCCATAAATAGGAGAAGGCTTG
SRR4420340.6355	3308T_G_pos	AACACACCC	+	5679	5687	AACACACCC
SRR4420340.6355	3308_T_G_pos_50bp	[ATCG]{50}AACACACCC[ATCG]{50}	+	5629	5737	TAAATTAAAACTATTAAACCCAGTCAACCTCCCCCAAAATTCCAACGACTAACACACCCGACCACACCGCTAACAATCAATACTAATCCCATAAATAGGAGAAAGCCGT
SRR4420340.6360	3308T_G_pos	AACACACCC	+	5540	5548	AACACACCC
SRR4420340.6360	3308_T_G_pos_50bp	[ATCG]{50}AACACACCC[ATCG]{50}	+	5490	5598	TAATTAAAAAGCCTATTAAACCCATATAACCTCCCCCAAAATTCGATAATAACACACCCGACCACACCGCTAACAATTAATACTAAACCCCATAATAGGAGAAGGCGTG
SRR4420340.6361	3308T_G_pos	AACACACCC	+	5833	5841	AACACACCC
SRR4420340.6361	3308_T_G_pos_50bp	[ATCG]{50}AACACACCC[ATCG]{50}	+	5783	5891	ATAGATTAAAAGAAACTATTAAACCCAACCTCCCCAAAATTCGATAGAATAACACACCCGACCACACCGCTAACAATCAATACCAGTAACCCCCATAAATAGGAGAAGG
SRR4420340.6396	3308T_G_pos	AACACACCC	+	5894	5902	AACACACCC
SRR4420340.6396	3308_T_G_pos_50bp	[ATCG]{50}AACACACCC[ATCG]{50}	+	5844	5952	AATAATTAAAAAACTATTAAATTAATAACCTCCCCCAAATTCAGAATAATAACACACCCGACCACACCGCTAACAATCAAGTATACTAAACCCCCATAAATAGGAAGGC
SRR4420340.6397	3308T_G_pos	AACACACCC	+	5730	5738	AACACACCC
SRR4420340.6397	3308_T_G_pos_50bp	[ATCG]{50}AACACACCC[ATCG]{50}	+	5680	5788	ATAATTAAAAACTATTAAACCCATATAACCTCGAAAATTCGAGAACTAATAACACACCCGACCACACCGCTAACAATCAATACTAAACCCCCATAAATAGGAGAAGGCT
SRR4420340.6406	3308T_G_pos	AACACACCC	+	5716	5724	AACACACCC
SRR4420340.6406	3308_T_G_pos_50bp	[ATCG]{50}AACACACCC[ATCG]{50}	+	5666	5774	ATTAAAGACAAACTATTAAACCCATAACCTCCCCCAAAATTCAGAATAATAACACACCCAAACTACACCGCTAACTAATCATCTGAACCCCCATAATAGGAGAAGGCTT
SRR4420340.6423	3308T_G_neg	AACATACCC	+	1319	1327	AACATACCC
SRR4420340.6423	3308T_G_neg_50bp	[ATCG]{50}AACATACCC[ATCG]{50}	+	1269	1377	AGTTTTGACAACATTCAAAAGAGTAATAATTCGCCTTAATTTTAATAATCAACATACCCTCCTTACTATAATTATTACATTTTGACTACCAACTCAACGGCCGGCTAGA
SRR4420340.6454	3308T_G_pos	AACACACCC	+	5704	5712	AACACACCC
SRR4420340.6454	3308_T_G_pos_50bp	[ATCG]{50}AACACACCC[ATCG]{50}	+	5654	5762	AATAAATTAAACTATTAACCCATATAACCTCCCCCAAAATTCAGAATAATAACACACCCGACCACACCGCTAACACAATGATACTAAATGGGGATAAATAGGAGAAGCT
SRR4420340.6456	3308T_G_pos	AACACACCC	+	5712	5720	AACACACCC
SRR4420340.6456	3308_T_G_pos_50bp	[ATCG]{50}AACACACCC[ATCG]{50}	+	5662	5770	AATTAAAACTACTATTAAACCCATATAACCTCCCCAAAATTCAGAATAATAACACACCCGACCACACCGCTAACAATCGGATACTAAAATCTGGAGATAAATAGGAGAA
SRR4420340.6459	3308T_G_pos	AACACACCC	+	5901	5909	AACACACCC
SRR4420340.6459	3308_T_G_pos_50bp	[ATCG]{50}AACACACCC[ATCG]{50}	+	5851	5959	AATTAAAAAACTATTAAACCCATACAACCTCCCCCAAAATTCAGAATAATAACACACCCGACCACCGCTAACAATCAATACTAAACCCCATAACAAGTAGGAGAAGGCT
SRR4420340.6462	3308T_G_pos	AACACACCC	+	5585	5593	AACACACCC
SRR4420340.6462	3308_T_G_pos_50bp	[ATCG]{50}AACACACCC[ATCG]{50}	+	5535	5643	ATAAATTAAAACTATTAAACCCATATAACCTCCCGAAGATTCAGAATAATAACACACCCAATAAGGGTAACAATCAATACTAAACCCCCATAAATAGGAGAAGCCGTAG
SRR4420340.6471	3308T_G_pos	AACACACCC	+	5941	5949	AACACACCC
SRR4420340.6471	3308_T_G_pos_50bp	[ATCG]{50}AACACACCC[ATCG]{50}	+	5891	5999	AGCAACTAAAACTATTAAACCCATATAACCTCCCCCAAATTCAGAATAATAACACACCCGACCACACCGCTCAATCAATACTAAACCCCATAAATAGGAGAAGGCTTAG
SRR4420340.6476	3308T_G_neg	AACATACCC	+	7620	7628	AACATACCC
SRR4420340.6476	3308T_G_neg_50bp	[ATCG]{50}AACATACCC[ATCG]{50}	+	7570	7678	TGTTGTCAAACTAGTTAATTGGAAAGTTAACGGTACTATTTATATACTAAAACATACCCAATACATCGACCAACCCAGCACAATATACAGAAATAGTCAAACCACAAGC
SRR4420340.6478	3308T_G_pos	AACACACCC	+	5698	5706	AACACACCC
SRR4420340.6478	3308_T_G_pos_50bp	[ATCG]{50}AACACACCC[ATCG]{50}	+	5648	5756	AATAAATTAAAAACTATTAAACCCATAACCTCCGAGGAATTCAGAATAATAACACACCCGACCAACACTGGTAATCAATCTACACGGTAATTACACGAGCCCTGGGCGA
SRR4420340.6509	3308T_G_pos	AACACACCC	+	5747	5755	AACACACCC
SRR4420340.6509	3308_T_G_pos_50bp	[ATCG]{50}AACACACCC[ATCG]{50}	+	5697	5805	ACCAGATGCGGCAATAATCAAACCGCAAGGTTCTCCACACGGAGAATAATAACACACCCGACCACCGCTAACAATCAATACTAAACCCCCATAAATAGGAGAAGGCTTA
SRR4420340.6525	3308T_G_pos	AACACACCC	+	5593	5601	AACACACCC
SRR4420340.6525	3308_T_G_pos_50bp	[ATCG]{50}AACACACCC[ATCG]{50}	+	5543	5651	ATAAATTAAAAGGCTGATAAACCCATAACCTCGCCAAATTCCAGAATAATAACACACCCGACCACACCGCTAACAATCAAGTAGAACCCCCATAATAGGAGAAGGCTTA
SRR4420340.6535	3308T_G_pos	AACACACCC	+	5563	5571	AACACACCC
SRR4420340.6535	3308_T_G_pos_50bp	[ATCG]{50}AACACACCC[ATCG]{50}	+	5513	5621	AAATAAATTAGATATGACATTAATGAGATACTCTAGAAGAATTCGATAATAACACACCCAGCCGGATAATCTAATACATTAACAGAACAAAAACGAGAAAACAGTAGAA
SRR4420340.6536	3308T_G_pos	AACACACCC	+	27	35	AACACACCC
SRR4420340.6545	3308T_G_pos	AACACACCC	+	1294	1302	AACACACCC
SRR4420340.6545	3308T_G_pos	AACACACCC	+	5602	5610	AACACACCC
SRR4420340.6545	3308_T_G_pos_50bp	[ATCG]{50}AACACACCC[ATCG]{50}	+	1244	1352	TTTTGACAACATTCAAAAGAGTAATAAACTTCGCCTTAATTTTAATAATCAACACACCCTAGCCTTACTAATAATTATTACATTTTGACTACAACTCAACGGATAGAAA
SRR4420340.6545	3308_T_G_pos_50bp	[ATCG]{50}AACACACCC[ATCG]{50}	+	5552	5660	CATTAAAACTATTAAACCCATATAACTCTCCCCCAAACATTCAGAATAATAACACACCCAACCACACCCTAACAATCAAGGTACTAAACCCCCATAAATAGGAGAAGGC
SRR4420340.6552	3308T_G_pos	AACACACCC	+	5684	5692	AACACACCC
SRR4420340.6552	3308_T_G_pos_50bp	[ATCG]{50}AACACACCC[ATCG]{50}	+	5634	5742	AACAAAGACTAAACTATTAAACCCATATACTCCCCCAAATTCAGAATAATAACACACCCGACCACCGCTAACAATGATACTAAACCCCGAGACAGGCGAGAAGGCTTGA
SRR4420340.6557	3308T_G_neg	AACATACCC	+	1170	1178	AACATACCC
SRR4420340.6557	3308T_G_neg_50bp	[ATCG]{50}AACATACCC[ATCG]{50}	+	1120	1228	CCTCACTTATCCTGGTCGGGTCCGCCAACTAATATTTCACTTTACATCCAAACATACCCGCTTCGTCGAAGCCGCCTGATACTGGCATTTTTAGATGTGGTTGACTATT
SRR4420340.6557	3308T_G_pos	AACACACCC	+	5790	5798	AACACACCC
SRR4420340.6557	3308_T_G_pos_50bp	[ATCG]{50}AACACACCC[ATCG]{50}	+	5740	5848	ATAATCGACAACTATTAAACCCATAACCTCCCCCAAAACTTCAGAATAATAACACACCCAATACACCGCTAACAATCACGATGAACCCCCATAAATAGGAGAAGGCTTG
SRR4420340.6565	3308T_G_pos	AACACACCC	+	5621	5629	AACACACCC
SRR4420340.6565	3308_T_G_pos_50bp	[ATCG]{50}AACACACCC[ATCG]{50}	+	5571	5679	AAATAATTAAACTATTAAACCCATATAACCTCCCCCAAATTCAGAATAATAACACACCCGACCACACCCTAACAATTAATACTAGAATAACCCCCATAATAGGAGAAGG
SRR4420340.6567	3308T_G_pos	AACACACCC	+	5721	5729	AACACACCC
SRR4420340.6567	3308_T_G_pos_50bp	[ATCG]{50}AACACACCC[ATCG]{50}	+	5671	5779	GTAAAATTAAAACTATTAAACCCATATAACCTCCCCAAATTCAGAATAATAACACACCCAATAATGCTAACAATTAATACTAGAACCCCCAAATGAGAAGGCCTGAAGA
SRR4420340.6590	3308T_G_pos	AACACACCC	+	5575	5583	AACACACCC
SRR4420340.6590	3308_T_G_pos_50bp	[ATCG]{50}AACACACCC[ATCG]{50}	+	5525	5633	TGACCAATTAAAACTATTAAACCCATATAACCCCCCAAATGCAGAATAATAACACACCCAATAAGGGGACGGATCGATACTAAACCCCCATAATAGAGAAGGCTGTAGA
SRR4420340.6592	3308T_G_pos	AACACACCC	+	5685	5693	AACACACCC
SRR4420340.6592	3308_T_G_pos_50bp	[ATCG]{50}AACACACCC[ATCG]{50}	+	5635	5743	AAATAAATTAGGACAGCCTTAAACCCATATAACCTCCCCAAATTCAGAATAACACACCCGACCACACCGCTAACAATCAATACTAAACCCCATAAAGGTAAAGGAGGCG
SRR4420340.6593	3308T_G_pos	AACACACCC	+	5681	5689	AACACACCC
SRR4420340.6593	3308_T_G_pos_50bp	[ATCG]{50}AACACACCC[ATCG]{50}	+	5631	5739	GGACAAACTACTACTATTAAACCCATATACGCCCCAAAATTCAGAATAATAACACACCCGACCACACCCTAACAATCAATATCAATATACTAAATCCCATAAATAGGAG
SRR4420340.6607	3308T_G_pos	AACACACCC	+	5686	5694	AACACACCC
SRR4420340.6607	3308_T_G_pos_50bp	[ATCG]{50}AACACACCC[ATCG]{50}	+	5636	5744	CAAATGCTAAACTATTAAACCCATATAACCTCCCCAAAATTCAGAATAATAACACACCCACTACACCGCTAACAATGATACTAAACCCCATAAATAGGAGAAGGCCGTA
SRR4420340.6624	3308T_G_pos	AACACACCC	+	5405	5413	AACACACCC
SRR4420340.6624	3308_T_G_pos_50bp	[ATCG]{50}AACACACCC[ATCG]{50}	+	5355	5463	TTAAAGACAATAAATAGTTGAAGAGGTAACCTCCCCCAAAATTCGATAATAACACACCCGACCACTAGACAATCAATACCATCCCAAATAGGAGAAAGCTGACAGGCAA
SRR4420340.6629	3308T_G_pos	AACACACCC	+	5366	5374	AACACACCC
SRR4420340.6629	3308_T_G_pos_50bp	[ATCG]{50}AACACACCC[ATCG]{50}	+	5316	5424	TAAATAAATTAAAACTATTAAACCCATATAACCTCCCAATTCAGAATAATAACACACCCGGCCTAACAATCAATACTAAACCCCCATAAAGTAAAGAGAGCCGTAGAAG
SRR4420340.6634	3308T_G_pos	AACACACCC	+	5714	5722	AACACACCC
SRR4420340.6634	3308_T_G_pos_50bp	[ATCG]{50}AACACACCC[ATCG]{50}	+	5664	5772	ATAATTAAAACTATCAAACCCATATAACCTCCCCCAAAATTCAGAATAATAACACACCCGACCACACCGCTAATGATCACCTAAACCCCCATAATAGGAGAAGGCTTAG
SRR4420340.6642	3308T_G_pos	AACACACCC	+	5531	5539	AACACACCC
SRR4420340.6642	3308_T_G_pos_50bp	[ATCG]{50}AACACACCC[ATCG]{50}	+	5481	5589	TAAATTAAAACTATTAAACCCAGGTAACCTCCCCCAAAATTCAGAATAATAACACACCCGACCACACCGCTAACAATCAATACCGAAACCCCCAGACAGGTGGAGAAGG
SRR4420340.6659	3308T_G_pos	AACACACCC	+	5020	5028	AACACACCC
SRR4420340.6659	3308T_G_pos	AACACACCC	+	7749	7757	AACACACCC
SRR4420340.6659	3308_T_G_pos_50bp	[ATCG]{50}AACACACCC[ATCG]{50}	+	4970	5078	TAAAAGCAACTATTAATGGAGGTAACCTCCCCCAAAATTCTCAGAATAATAACACACCCGACCACCGCTAACAATCAATACTAAACCCCCATAATAGGAGAAGGCTTAG
SRR4420340.6659	3308_T_G_pos_50bp	[ATCG]{50}AACACACCC[ATCG]{50}	+	7699	7807	GATCAAGACGAAACTAATAGCAGCAGCAATGCATGCTCAACGCTTAGCCTAACACACCCCACGGGAAACAGCAGTGATTAACCTTTAGCAATAAACGAAAGTTTAACGA
SRR4420340.6660	3308T_G_pos	AACACACCC	+	4740	4748	AACACACCC
SRR4420340.6660	3308_T_G_pos_50bp	[ATCG]{50}AACACACCC[ATCG]{50}	+	4690	4798	ATAAAATTAAAACTATTAAACCCATATAACCTCGGAGAAAATTCAGAAATAACACACCCGACCACGCTAACAATCAATACTAAACCCCATAAATAGGGAGAAAGCGTAG
SRR4420340.6668	3308T_G_pos	AACACACCC	+	3670	3678	AACACACCC
SRR4420340.6668	3308_T_G_pos_50bp	[ATCG]{50}AACACACCC[ATCG]{50}	+	3620	3728	AATAATTAAAAGCATCAACTATTAAACCCATAACCTCCCCCAATCCAAATAACACACCCGACCACACCCCGCTAACAATGAGTACTAAACCCCATAAATAGAAGGAGGG
SRR4420340.6669	3308T_G_pos	AACACACCC	+	5111	5119	AACACACCC
SRR4420340.6669	3308_T_G_pos_50bp	[ATCG]{50}AACACACCC[ATCG]{50}	+	5061	5169	AAATAAATTAAAACTATTAAACCCATACAACTCCCCAAATTCGGAATAATAACACACCCGACCACACCCTAACAATAATACTAAACCCCATAAATAGGAGAAAGCGTAG
SRR4420340.6676	3308T_G_pos	AACACACCC	+	2456	2464	AACACACCC
SRR4420340.6676	3308_T_G_pos_50bp	[ATCG]{50}AACACACCC[ATCG]{50}	+	2406	2514	AAATAAAATTAAACTATTAAACCATATACTCCCCAGGACTTCAGAATAATAACACACCCGACCACACCGCTAACAATCAATACCTAACCCCCGACAGTAGGAGAAGGCT
SRR4420340.6678	3308T_G_pos	AACACACCC	+	2509	2517	AACACACCC
SRR4420340.6678	3308_T_G_pos_50bp	[ATCG]{50}AACACACCC[ATCG]{50}	+	2459	2567	AGTACAATTAAAAACATTAAACCATATACTCCCCCAAAATTCAGAATAATAACACACCCGACCACACCGCTGAATCAATGGGACTTATCAGAAAGGACTAGGAGAAAGC
SRR4420340.6683	3308T_G_pos	AACACACCC	+	1064	1072	AACACACCC
SRR4420340.6683	3308T_G_pos	AACACACCC	+	2013	2021	AACACACCC
SRR4420340.6683	3308_T_G_pos_50bp	[ATCG]{50}AACACACCC[ATCG]{50}	+	1014	1122	ATCATACAAACGCCTGGCTGAGCCCTGGCCTTACTCTCATCGCTACTCGTAACACACCCTAGCACTCGAATAATCCTTCTCACCCTAACAGGTCAACCTCGCTTCCCAC
SRR4420340.6683	3308_T_G_pos_50bp	[ATCG]{50}AACACACCC[ATCG]{50}	+	1963	2071	AATAATTAAAAACTACTTAAACCCATATAACCTCCCCAGAACTTCAGACCAACACACCCGACCACACCGCTAACAATCAATACTAAACCCCCAACATCGGAGAAGGCTT
SRR4420340.6686	3308_T_G_pos_50bp	[ATCG]{50}AACACACCC[ATCG]{50}	+	1339	1447	ATAAATTAAAACCATTAAATGGGGTTAACTCCCCCAAAATTCAGAATAATAACACACCCGGACCACACCGCTAACAATCCCAATACTAAACCCCCAAGACGCGAGAAAG
SRR4420340.6686	3308T_G_pos	AACACACCC	+	1389	1397	AACACACCC
SRR4420340.6695	3308T_G_pos	AACACACCC	+	542	550	AACACACCC
SRR4420340.6695	3308_T_G_pos_50bp	[ATCG]{50}AACACACCC[ATCG]{50}	+	492	600	ATAATTAAAACTATTAAACCCATATAACCTCCCCCAAAATTCAGAATAATAACACACCCGACCACACCGCTAACAATCACATACTAGAACCCCCATAAATAGAGAGACC
SRR4420340.6697	3308T_G_pos	AACACACCC	+	934	942	AACACACCC
SRR4420340.6697	3308_T_G_pos_50bp	[ATCG]{50}AACACACCC[ATCG]{50}	+	884	992	TCGATTAAAAAACTATTAAACCCATAACCTCCCCCAAATTCGAATATAATAACACACCCGACCACAAGCGCTAACAATCAATACTAAATGTAGAGACAGTAAGAAAGCC
SRR4420340.6702	3308_T_G_pos_50bp	[ATCG]{50}AACACACCC[ATCG]{50}	+	187	295	TAAACTATTGTAAACCCATAACCTCCCCCAAAATTAAGCTTCAGAATAATAACACACCCGACCACACCGCTAACAATCAATACTAAACCCCATAAATAGGAGAAGGCCG
SRR4420340.6702	3308T_G_pos	AACACACCC	+	237	245	AACACACCC
SRR4420340.6705	3308T_G_pos	AACACACCC	+	230	238	AACACACCC
SRR4420340.6705	3308_T_G_pos_50bp	[ATCG]{50}AACACACCC[ATCG]{50}	+	180	288	AAATTAAAAACTATTAATGGCGATAACCTCCCCCAAATTGCCAGAATAATAACACACCCGACCACACCGCTAACAATCCGCATACTAAACCCCATAAATAGGAGAAGGC
SRR4420340.6710	3308T_G_pos	AACACACCC	+	170	178	AACACACCC
SRR4420340.6710	3308_T_G_pos_50bp	[ATCG]{50}AACACACCC[ATCG]{50}	+	120	228	AATAAATGCAAAACTATTAAACCCAATAACCTCCTAAATGCCAGAATAATAACACACCCGACCACACCGCTAACAATCAATACTAAACCCCATAAATAGGAGAAAGCTG
SRR4420340.6711	3308T_G_pos	AACACACCC	+	81	89	AACACACCC
SRR4420340.6711	3308_T_G_pos_50bp	[ATCG]{50}AACACACCC[ATCG]{50}	+	31	139	TAAATTAAAAAACTATTAAACCCATATAACCTCCCCAAATTCAGAATAATAACACACCCGACCACACCGCTAACAATGATACTAAACCCCATAAATAGGAGAAGGCCGT
SRR4420340.6756	3308T_G_pos	AACACACCC	+	1556	1564	AACACACCC
SRR4420340.6756	3308_T_G_pos_50bp	[ATCG]{50}AACACACCC[ATCG]{50}	+	1506	1614	GCGTCGACAGCAGCATCGACGCAGCAATGCAGCTCAAAACGCTTAGCCCCAACACACCCCCACGGGAAGTAAGGTTAACCTTTGGCTGAACGAAGTTTATAGGGTAAGG
SRR4420340.6773	3308T_G_pos	AACACACCC	+	1403	1411	AACACACCC
SRR4420340.6773	3308_T_G_pos_50bp	[ATCG]{50}AACACACCC[ATCG]{50}	+	1353	1461	CCAGGACACACACACCCTAGTCGGGTACCATACCGAGTGAATAAACCCCTAACACACCCCCACAGTTTGGTGGCCTTAACTCGACCCAATACACTAAACCGACGTTAGA
SRR4420340.6789	3308_T_G_pos_50bp	[ATCG]{50}AACACACCC[ATCG]{50}	+	1556	1664	TCAAAATGACAGCATCAAGCACGCAGCAATGCAGCTCAAACGCTTAGCCTAACACACCCCCACGGGAAACAGCAGTGATGCTTTGGCGATAAACCGAATTTGGACCAGC
SRR4420340.6789	3308T_G_pos	AACACACCC	+	1606	1614	AACACACCC
SRR4420340.6841	3308T_G_pos	AACACACCC	+	1619	1627	AACACACCC
SRR4420340.6841	3308_T_G_pos_50bp	[ATCG]{50}AACACACCC[ATCG]{50}	+	1569	1677	TCAAAGGGACAGCATCAAGCACGAGCAATGCGACTAAAACGCTTAGCCCTAACACACCCCCACGGGAAACAGCAGTGATGTAACCTGTCAGCAACAATAGGAAAGTTTT
SRR4420340.6912	3308T_G_pos	AACACACCC	+	579	587	AACACACCC
SRR4420340.6912	3308_T_G_pos_50bp	[ATCG]{50}AACACACCC[ATCG]{50}	+	529	637	CATCAAGCAATCTCCAACCGGTAGCACCTCCCATTACGCGTACCATCATCAACACACCCTTAACAGTACATAGTACAATAAAGCCATTTACCGTACTAGCACATTACAG
